game_pk,team,hrs
718781,New York Yankees,2
718782,Baltimore Orioles,2
718776,Tampa Bay Rays,2
718779,Philadelphia Phillies,1
718779,Texas Rangers,2
718773,Cincinnati Reds,1
718773,Pittsburgh Pirates,1
718772,St. Louis Cardinals,2
718774,Miami Marlins,1
718768,Chicago White Sox,1
718768,Houston Astros,1
718778,Colorado Rockies,3
718770,Los Angeles Dodgers,1
718767,Seattle Mariners,1
718771,Miami Marlins,2
718771,New York Mets,1
718764,Houston Astros,1
718766,Colorado Rockies,1
718765,Arizona Diamondbacks,1
718765,Los Angeles Dodgers,1
718760,Chicago White Sox,2
718758,Chicago Cubs,1
718752,Texas Rangers,3
718753,Atlanta Braves,4
718753,Washington Nationals,1
718762,New York Yankees,2
718762,San Francisco Giants,2
718757,Los Angeles Angels,1
718757,Oakland Athletics,1
718761,Baltimore Orioles,3
718761,Boston Red Sox,4
718756,Cincinnati Reds,3
718754,Tampa Bay Rays,1
718755,Miami Marlins,1
718755,New York Mets,1
718750,Colorado Rockies,1
718750,San Diego Padres,1
718749,Arizona Diamondbacks,1
718749,Los Angeles Dodgers,4
718746,Cleveland Guardians,2
718742,Detroit Tigers,1
718742,Tampa Bay Rays,1
718748,Baltimore Orioles,2
718748,Boston Red Sox,1
718747,New York Yankees,3
718744,Cincinnati Reds,2
718744,Pittsburgh Pirates,1
718741,New York Mets,1
718745,Kansas City Royals,2
718745,Minnesota Twins,2
718740,Chicago White Sox,2
718737,St. Louis Cardinals,4
718738,Chicago Cubs,2
718734,Los Angeles Angels,3
718736,Los Angeles Dodgers,1
718733,Colorado Rockies,1
718733,San Diego Padres,2
718735,Cleveland Guardians,1
718735,Seattle Mariners,1
718739,Texas Rangers,1
718731,Milwaukee Brewers,2
718730,Chicago White Sox,1
718730,San Francisco Giants,7
718728,Chicago Cubs,1
718728,Cincinnati Reds,1
718729,Minnesota Twins,4
718732,Tampa Bay Rays,3
718732,Washington Nationals,1
718725,New York Yankees,2
718724,Boston Red Sox,3
718724,Pittsburgh Pirates,3
718719,Kansas City Royals,1
718719,Toronto Blue Jays,1
718727,Atlanta Braves,3
718727,St. Louis Cardinals,1
718726,Baltimore Orioles,2
718723,Detroit Tigers,2
718723,Houston Astros,1
718721,Cleveland Guardians,1
718721,Oakland Athletics,3
718722,Arizona Diamondbacks,2
718722,San Diego Padres,3
718720,Los Angeles Angels,2
718718,Los Angeles Dodgers,3
718717,San Diego Padres,3
718716,Cincinnati Reds,3
718714,Miami Marlins,1
718715,Tampa Bay Rays,4
718710,New York Yankees,1
718710,Philadelphia Phillies,2
718713,Pittsburgh Pirates,2
718708,Kansas City Royals,1
718708,Toronto Blue Jays,1
718712,Milwaukee Brewers,5
718711,Atlanta Braves,2
718709,Baltimore Orioles,2
718709,Texas Rangers,2
718705,Detroit Tigers,1
718705,Houston Astros,1
718707,Cleveland Guardians,1
718706,Seattle Mariners,4
718703,Los Angeles Dodgers,3
718704,Tampa Bay Rays,2
718699,New York Yankees,1
718699,Philadelphia Phillies,1
718701,Miami Marlins,2
718697,Atlanta Braves,1
718697,St. Louis Cardinals,1
718702,Pittsburgh Pirates,1
718698,Milwaukee Brewers,2
718698,New York Mets,2
718694,Texas Rangers,1
718696,Houston Astros,3
718695,San Francisco Giants,1
718689,Oakland Athletics,2
718691,Los Angeles Angels,1
718692,Toronto Blue Jays,1
718690,Boston Red Sox,2
718690,Detroit Tigers,1
718686,Kansas City Royals,1
718686,Toronto Blue Jays,2
718687,San Francisco Giants,5
718681,Atlanta Braves,1
718681,San Diego Padres,2
718683,Los Angeles Dodgers,1
718693,Miami Marlins,1
718693,New York Mets,3
718685,Philadelphia Phillies,2
718688,New York Yankees,1
718693,Miami Marlins,1
718693,New York Mets,3
718685,Philadelphia Phillies,2
718688,New York Yankees,1
718677,Seattle Mariners,1
718679,Chicago White Sox,4
718679,Pittsburgh Pirates,2
718680,Kansas City Royals,2
718678,Oakland Athletics,2
718678,Tampa Bay Rays,5
718676,Atlanta Braves,1
718674,Milwaukee Brewers,1
718673,Colorado Rockies,1
718673,Washington Nationals,2
718670,Los Angeles Angels,1
718670,Toronto Blue Jays,1
718671,Arizona Diamondbacks,2
718671,Los Angeles Dodgers,2
718666,Houston Astros,2
718666,Minnesota Twins,2
718672,Kansas City Royals,3
718672,San Francisco Giants,1
718669,Chicago Cubs,2
718668,Cincinnati Reds,1
718667,Boston Red Sox,4
718665,Tampa Bay Rays,3
718661,Miami Marlins,1
718661,New York Mets,2
718662,Pittsburgh Pirates,1
718664,New York Yankees,1
718660,St. Louis Cardinals,2
718659,San Diego Padres,1
718656,Arizona Diamondbacks,2
718656,Los Angeles Dodgers,2
718658,Colorado Rockies,1
718658,Washington Nationals,1
718657,Los Angeles Angels,3
718657,Toronto Blue Jays,3
718652,Philadelphia Phillies,1
718654,Boston Red Sox,1
718655,Tampa Bay Rays,3
718651,Baltimore Orioles,1
718651,New York Yankees,3
718646,Seattle Mariners,1
718647,Miami Marlins,2
718649,Houston Astros,1
718650,Milwaukee Brewers,2
718642,Chicago Cubs,1
718645,Colorado Rockies,2
718643,San Francisco Giants,1
718644,Los Angeles Angels,4
718644,Toronto Blue Jays,1
718648,San Diego Padres,3
718640,Chicago White Sox,1
718635,Baltimore Orioles,3
718632,Pittsburgh Pirates,1
718638,Tampa Bay Rays,1
718633,Miami Marlins,1
718633,Philadelphia Phillies,3
718636,Atlanta Braves,1
718628,Seattle Mariners,1
718630,Kansas City Royals,1
718630,Texas Rangers,3
718631,Los Angeles Angels,1
718627,Arizona Diamondbacks,1
718641,Los Angeles Dodgers,3
718641,San Francisco Giants,1
718626,New York Yankees,1
718618,Baltimore Orioles,3
718618,Oakland Athletics,1
718623,Houston Astros,2
718623,Pittsburgh Pirates,3
718625,Tampa Bay Rays,4
718619,Miami Marlins,2
718619,Philadelphia Phillies,1
718622,Detroit Tigers,1
718622,Toronto Blue Jays,5
718621,San Diego Padres,1
718620,Atlanta Braves,2
718620,Cincinnati Reds,1
718617,Chicago Cubs,2
718617,Seattle Mariners,2
718616,Chicago White Sox,1
718616,Minnesota Twins,2
718615,Texas Rangers,1
718613,Colorado Rockies,3
718613,St. Louis Cardinals,3
718614,Los Angeles Angels,1
718611,Milwaukee Brewers,3
718624,San Francisco Giants,2
718608,Houston Astros,2
718610,New York Mets,2
718610,San Diego Padres,1
718605,Chicago White Sox,1
718604,Cleveland Guardians,1
718604,New York Yankees,1
718606,Chicago Cubs,1
718606,Seattle Mariners,2
718607,Colorado Rockies,1
718607,St. Louis Cardinals,3
718598,Arizona Diamondbacks,2
718609,Miami Marlins,1
718599,Oakland Athletics,2
718600,Boston Red Sox,1
718600,Tampa Bay Rays,1
718603,Detroit Tigers,2
718601,Atlanta Braves,1
718595,Kansas City Royals,1
718595,Texas Rangers,1
718612,Los Angeles Dodgers,3
718612,San Francisco Giants,1
718596,Baltimore Orioles,2
718596,Oakland Athletics,2
718594,Boston Red Sox,1
718594,Tampa Bay Rays,2
718597,Philadelphia Phillies,1
718590,Minnesota Twins,4
718590,New York Yankees,2
718591,Pittsburgh Pirates,2
718589,Milwaukee Brewers,2
718589,San Diego Padres,2
718585,Detroit Tigers,1
718585,San Francisco Giants,2
718586,Philadelphia Phillies,1
718592,Cleveland Guardians,1
718592,Washington Nationals,1
718588,Minnesota Twins,2
718588,New York Yankees,3
718587,Tampa Bay Rays,2
718587,Toronto Blue Jays,1
718580,Boston Red Sox,1
718583,Chicago White Sox,1
718581,Houston Astros,2
718581,Texas Rangers,1
718579,Atlanta Braves,5
718578,New York Mets,1
718578,Oakland Athletics,3
718574,Milwaukee Brewers,3
718574,San Diego Padres,1
718575,Chicago Cubs,5
718575,Los Angeles Dodgers,2
718577,Colorado Rockies,1
718577,Seattle Mariners,1
718572,New York Yankees,2
718571,Detroit Tigers,1
718571,San Francisco Giants,2
718570,Baltimore Orioles,2
718570,Chicago White Sox,1
718568,Pittsburgh Pirates,2
718569,Tampa Bay Rays,1
718573,Cleveland Guardians,1
718560,San Diego Padres,2
718565,New York Mets,2
718576,Boston Red Sox,2
718576,Los Angeles Angels,1
718566,Cincinnati Reds,2
718563,Atlanta Braves,1
718567,Miami Marlins,1
718564,Chicago Cubs,1
718561,Seattle Mariners,1
718559,Boston Red Sox,1
718555,Washington Nationals,2
718557,New York Yankees,1
718556,Tampa Bay Rays,1
718554,Philadelphia Phillies,2
718550,Arizona Diamondbacks,1
718551,Atlanta Braves,1
718551,Kansas City Royals,1
718553,Chicago White Sox,2
718548,St. Louis Cardinals,1
718546,New York Mets,3
718547,Chicago Cubs,2
718547,Los Angeles Dodgers,1
718552,Texas Rangers,1
718540,Los Angeles Angels,1
718542,Cincinnati Reds,1
718542,Tampa Bay Rays,1
718544,Miami Marlins,1
718539,Texas Rangers,2
718538,Arizona Diamondbacks,2
718538,St. Louis Cardinals,1
718537,Houston Astros,2
718537,Toronto Blue Jays,2
718535,Colorado Rockies,1
718535,Pittsburgh Pirates,2
718536,Chicago Cubs,2
718533,Atlanta Braves,1
718534,Milwaukee Brewers,1
718534,Seattle Mariners,2
718532,Los Angeles Dodgers,3
718532,New York Mets,1
718541,Detroit Tigers,1
718543,Chicago White Sox,1
718530,Cleveland Guardians,1
718530,Detroit Tigers,1
718541,Detroit Tigers,1
718525,Philadelphia Phillies,1
718543,Chicago White Sox,1
718526,Tampa Bay Rays,4
718528,Miami Marlins,1
718528,San Francisco Giants,1
718529,Los Angeles Angels,1
718524,Minnesota Twins,1
718522,Texas Rangers,2
718527,Arizona Diamondbacks,1
718527,St. Louis Cardinals,3
718520,Toronto Blue Jays,2
718521,Colorado Rockies,1
718521,Pittsburgh Pirates,2
718519,Atlanta Braves,3
718517,Milwaukee Brewers,2
718516,Los Angeles Dodgers,2
718515,Tampa Bay Rays,1
718513,Cleveland Guardians,1
718513,Detroit Tigers,2
718511,San Francisco Giants,2
718512,Arizona Diamondbacks,2
718512,St. Louis Cardinals,2
718514,Kansas City Royals,1
718514,Texas Rangers,1
718510,Chicago White Sox,1
718510,Philadelphia Phillies,2
718508,Los Angeles Dodgers,1
718508,New York Mets,1
718509,Pittsburgh Pirates,2
718506,Chicago Cubs,1
718507,San Diego Padres,1
718502,Seattle Mariners,1
718518,Baltimore Orioles,1
718504,New York Yankees,1
718505,Boston Red Sox,1
718505,Minnesota Twins,3
718501,Houston Astros,1
718497,Boston Red Sox,2
718497,Minnesota Twins,1
718500,Pittsburgh Pirates,2
718498,Colorado Rockies,1
718499,Chicago Cubs,1
718499,Los Angeles Dodgers,3
718494,San Diego Padres,2
718503,New York Mets,3
718503,San Francisco Giants,2
718491,Chicago Cubs,4
718486,Chicago White Sox,1
718486,Tampa Bay Rays,3
718495,Baltimore Orioles,1
718493,Colorado Rockies,1
718493,Philadelphia Phillies,1
718487,New York Yankees,1
718487,Toronto Blue Jays,2
718489,Houston Astros,1
718490,Oakland Athletics,2
718490,Texas Rangers,1
718482,Minnesota Twins,1
718482,Washington Nationals,1
718483,Boston Red Sox,1
718483,Milwaukee Brewers,1
718485,Los Angeles Angels,1
718481,Seattle Mariners,1
718480,New York Mets,1
718476,New York Yankees,1
718476,Toronto Blue Jays,1
718468,Minnesota Twins,1
718468,Washington Nationals,1
718479,Chicago Cubs,1
718479,Los Angeles Dodgers,4
718475,Philadelphia Phillies,3
718473,Miami Marlins,1
718478,New York Mets,1
718478,San Francisco Giants,2
718477,Chicago White Sox,3
718477,Tampa Bay Rays,1
718472,Baltimore Orioles,1
718472,Detroit Tigers,1
718469,Oakland Athletics,1
718469,Texas Rangers,4
718470,Boston Red Sox,2
718470,Milwaukee Brewers,1
718471,Atlanta Braves,2
718471,Houston Astros,2
718467,Arizona Diamondbacks,1
718467,San Diego Padres,1
718466,Los Angeles Angels,4
718464,Seattle Mariners,2
718464,St. Louis Cardinals,1
718458,Philadelphia Phillies,4
718462,Atlanta Braves,1
718465,New York Yankees,1
718465,Toronto Blue Jays,2
718457,Tampa Bay Rays,2
718460,Cleveland Guardians,2
718460,Miami Marlins,2
718454,Minnesota Twins,2
718461,Boston Red Sox,3
718461,Milwaukee Brewers,2
718451,Chicago Cubs,1
718451,Los Angeles Dodgers,3
718453,Oakland Athletics,1
718453,Texas Rangers,1
718452,Kansas City Royals,3
718452,Los Angeles Angels,3
718456,Arizona Diamondbacks,3
718456,San Diego Padres,1
718450,Seattle Mariners,1
718450,St. Louis Cardinals,3
718455,New York Mets,1
718455,San Francisco Giants,1
718448,Colorado Rockies,1
718447,Boston Red Sox,2
718449,Houston Astros,2
718445,Texas Rangers,2
718444,Toronto Blue Jays,1
718443,Atlanta Braves,5
718442,Minnesota Twins,1
718441,Detroit Tigers,1
718441,Milwaukee Brewers,2
718437,Los Angeles Angels,3
718437,Oakland Athletics,5
718438,Kansas City Royals,1
718446,San Francisco Giants,1
718440,Colorado Rockies,1
718435,Baltimore Orioles,3
718435,Boston Red Sox,1
718432,Los Angeles Dodgers,1
718432,Pittsburgh Pirates,1
718434,Texas Rangers,3
718430,Philadelphia Phillies,1
718430,Seattle Mariners,2
718433,Toronto Blue Jays,2
718431,Washington Nationals,1
718429,Atlanta Braves,3
718429,Miami Marlins,2
718426,Chicago Cubs,1
718427,Minnesota Twins,2
718428,Detroit Tigers,1
718428,Milwaukee Brewers,1
718425,Oakland Athletics,1
718439,San Francisco Giants,2
718439,St. Louis Cardinals,1
718424,Cincinnati Reds,1
718416,Boston Red Sox,1
718420,Toronto Blue Jays,1
718421,Cleveland Guardians,1
718417,Minnesota Twins,3
718417,New York Yankees,1
718419,Milwaukee Brewers,2
718413,Los Angeles Dodgers,1
718415,Philadelphia Phillies,1
718415,Seattle Mariners,2
718412,Washington Nationals,1
718411,Atlanta Braves,2
718411,Miami Marlins,3
718407,Chicago Cubs,1
718408,Los Angeles Angels,3
718408,Oakland Athletics,1
718423,San Francisco Giants,2
718423,St. Louis Cardinals,2
718403,Pittsburgh Pirates,2
718406,Chicago Cubs,3
718406,San Diego Padres,1
718409,St. Louis Cardinals,2
718402,Los Angeles Angels,1
718402,Oakland Athletics,2
718405,Baltimore Orioles,1
718398,New York Mets,1
718398,Washington Nationals,2
718396,Chicago White Sox,1
718396,Tampa Bay Rays,3
718400,Kansas City Royals,1
718400,Minnesota Twins,2
718397,New York Yankees,3
718387,Kansas City Royals,1
718387,Minnesota Twins,3
718391,Chicago Cubs,1
718392,Seattle Mariners,1
718392,Toronto Blue Jays,1
718395,Cleveland Guardians,2
718394,Atlanta Braves,1
718393,Chicago White Sox,2
718393,Tampa Bay Rays,1
718388,Texas Rangers,1
718389,Houston Astros,1
718389,Philadelphia Phillies,1
718386,Milwaukee Brewers,1
718390,Arizona Diamondbacks,1
718380,Cincinnati Reds,1
718380,Oakland Athletics,2
718382,Los Angeles Dodgers,2
718401,Baltimore Orioles,1
718401,Detroit Tigers,1
718399,Pittsburgh Pirates,2
718399,Washington Nationals,1
718381,Baltimore Orioles,2
718381,Detroit Tigers,1
718401,Baltimore Orioles,1
718401,Detroit Tigers,1
718383,Pittsburgh Pirates,2
718399,Pittsburgh Pirates,2
718399,Washington Nationals,1
718378,Minnesota Twins,1
718375,Chicago Cubs,2
718377,Cincinnati Reds,1
718385,Boston Red Sox,1
718385,Cleveland Guardians,2
718372,Houston Astros,1
718372,Philadelphia Phillies,2
718384,San Diego Padres,6
718384,San Francisco Giants,5
718374,Texas Rangers,1
718373,Tampa Bay Rays,5
718376,Los Angeles Angels,2
718366,Arizona Diamondbacks,2
718364,Chicago Cubs,1
718370,Boston Red Sox,2
718363,Seattle Mariners,4
718363,Toronto Blue Jays,1
718360,Baltimore Orioles,2
718360,Detroit Tigers,1
718362,Minnesota Twins,1
718355,Chicago White Sox,2
718355,Tampa Bay Rays,4
718365,Los Angeles Angels,2
718356,Texas Rangers,4
718358,Arizona Diamondbacks,1
718358,Colorado Rockies,1
718368,San Diego Padres,1
718368,San Francisco Giants,3
718357,Cincinnati Reds,1
718357,Oakland Athletics,2
718354,Houston Astros,1
718354,Philadelphia Phillies,2
718361,New York Mets,1
718352,Atlanta Braves,4
718352,New York Mets,3
718361,New York Mets,1
718349,Chicago Cubs,2
718349,Washington Nationals,1
718351,New York Yankees,1
718353,Boston Red Sox,3
718353,Toronto Blue Jays,1
718350,San Francisco Giants,2
718345,Cincinnati Reds,1
718345,San Diego Padres,1
718343,Los Angeles Dodgers,4
718343,Philadelphia Phillies,1
718347,Tampa Bay Rays,1
718346,Atlanta Braves,1
718344,Chicago Cubs,1
718339,New York Yankees,2
718341,Boston Red Sox,4
718341,Toronto Blue Jays,1
718340,Chicago White Sox,1
718340,Minnesota Twins,1
718336,Baltimore Orioles,2
718336,Kansas City Royals,4
718338,Los Angeles Angels,1
718342,Arizona Diamondbacks,2
718342,Texas Rangers,1
718334,Colorado Rockies,2
718332,Seattle Mariners,1
718331,Los Angeles Dodgers,1
718331,Philadelphia Phillies,1
718348,Detroit Tigers,2
718348,New York Mets,3
718348,Detroit Tigers,2
718348,New York Mets,3
718329,Detroit Tigers,2
718325,Arizona Diamondbacks,4
718325,Texas Rangers,4
718326,Houston Astros,1
718326,San Francisco Giants,1
718330,Cincinnati Reds,1
718330,San Diego Padres,1
718327,Los Angeles Dodgers,2
718328,Pittsburgh Pirates,1
718328,Tampa Bay Rays,2
718321,Atlanta Braves,6
718321,Miami Marlins,1
718324,New York Yankees,2
718323,Toronto Blue Jays,2
718322,Chicago White Sox,1
718322,Minnesota Twins,1
718314,Kansas City Royals,1
718320,Los Angeles Angels,3
718320,St. Louis Cardinals,2
718315,Colorado Rockies,2
718319,Seattle Mariners,2
718317,Washington Nationals,2
718318,Detroit Tigers,2
718309,Tampa Bay Rays,3
718311,Los Angeles Angels,1
718311,St. Louis Cardinals,1
718312,Baltimore Orioles,2
718312,Kansas City Royals,3
718310,Chicago White Sox,1
718310,Minnesota Twins,2
718313,Milwaukee Brewers,3
718304,Oakland Athletics,1
718304,Seattle Mariners,1
718308,Atlanta Braves,2
718308,Miami Marlins,1
718316,Boston Red Sox,2
718316,Toronto Blue Jays,1
718303,Chicago Cubs,1
718307,Toronto Blue Jays,1
718305,Chicago White Sox,2
718305,Cincinnati Reds,1
718300,New York Yankees,1
718300,Tampa Bay Rays,2
718302,New York Mets,1
718306,Minnesota Twins,1
718298,Atlanta Braves,1
718298,Baltimore Orioles,3
718299,Kansas City Royals,1
718299,Oakland Athletics,2
718292,Detroit Tigers,1
718292,St. Louis Cardinals,1
718296,Arizona Diamondbacks,1
718296,Washington Nationals,1
718295,San Diego Padres,2
718297,Houston Astros,2
718293,San Francisco Giants,2
718288,St. Louis Cardinals,2
718289,Miami Marlins,1
718290,Colorado Rockies,1
718285,Cleveland Guardians,1
718285,Minnesota Twins,2
718286,Pittsburgh Pirates,1
718281,Chicago White Sox,2
718281,Cincinnati Reds,1
718280,Kansas City Royals,2
718280,Oakland Athletics,1
718284,Philadelphia Phillies,2
718283,Atlanta Braves,2
718287,San Francisco Giants,2
718282,Arizona Diamondbacks,2
718282,Washington Nationals,2
718279,Los Angeles Dodgers,1
718275,Los Angeles Angels,1
718277,Atlanta Braves,1
718278,Toronto Blue Jays,3
718270,Boston Red Sox,1
718270,Philadelphia Phillies,1
718276,Colorado Rockies,3
718276,New York Mets,1
718271,New York Yankees,2
718271,Tampa Bay Rays,2
718268,Kansas City Royals,1
718272,Detroit Tigers,2
718272,St. Louis Cardinals,4
718269,Miami Marlins,1
718267,Milwaukee Brewers,2
718267,San Francisco Giants,1
718264,Los Angeles Angels,2
718264,Texas Rangers,3
718263,Arizona Diamondbacks,3
718263,Washington Nationals,1
718265,Seattle Mariners,1
718262,Chicago White Sox,2
718262,Cincinnati Reds,4
718266,Los Angeles Dodgers,2
718261,Cleveland Guardians,1
718261,Detroit Tigers,1
718258,Pittsburgh Pirates,1
718259,Tampa Bay Rays,2
718255,New York Yankees,4
718253,Chicago White Sox,1
718253,Kansas City Royals,1
718257,Los Angeles Dodgers,1
718257,Milwaukee Brewers,2
718254,Houston Astros,1
718254,Los Angeles Angels,1
718251,Seattle Mariners,1
718249,Arizona Diamondbacks,1
718260,San Francisco Giants,1
718252,Colorado Rockies,2
718246,Baltimore Orioles,1
718246,Tampa Bay Rays,2
718243,New York Mets,4
718244,Philadelphia Phillies,1
718244,Toronto Blue Jays,1
718247,New York Yankees,2
718247,Oakland Athletics,3
718245,Atlanta Braves,1
718245,Boston Red Sox,1
718240,Chicago Cubs,2
718240,St. Louis Cardinals,3
718242,San Diego Padres,1
718238,Chicago White Sox,2
718238,Kansas City Royals,1
718241,Los Angeles Dodgers,3
718241,Milwaukee Brewers,2
718237,Houston Astros,1
718237,Los Angeles Angels,1
718239,Seattle Mariners,1
718236,Arizona Diamondbacks,1
718236,Miami Marlins,2
718250,San Francisco Giants,1
718231,Pittsburgh Pirates,2
718232,New York Yankees,3
718232,Oakland Athletics,3
718228,Los Angeles Dodgers,3
718228,Milwaukee Brewers,1
718229,Texas Rangers,1
718226,Miami Marlins,1
718230,San Francisco Giants,2
718230,Washington Nationals,2
718233,Toronto Blue Jays,1
718235,Houston Astros,1
718235,Los Angeles Angels,2
718225,New York Mets,1
718220,Atlanta Braves,1
718220,Boston Red Sox,1
718221,Chicago Cubs,2
718224,Minnesota Twins,1
718224,San Diego Padres,1
718222,Kansas City Royals,3
718223,Cincinnati Reds,1
718216,Minnesota Twins,1
718216,San Diego Padres,2
718218,Kansas City Royals,1
718219,Tampa Bay Rays,1
718215,San Francisco Giants,1
718217,Texas Rangers,1
718208,Detroit Tigers,1
718208,Seattle Mariners,1
718212,Cincinnati Reds,3
718212,Miami Marlins,2
718213,Baltimore Orioles,1
718213,Pittsburgh Pirates,1
718210,New York Yankees,3
718210,Tampa Bay Rays,3
718206,Toronto Blue Jays,1
718205,Cleveland Guardians,1
718211,Boston Red Sox,2
718211,St. Louis Cardinals,3
718209,Chicago Cubs,1
718207,Chicago White Sox,1
718207,Houston Astros,1
718204,Kansas City Royals,1
718204,Milwaukee Brewers,1
718202,Philadelphia Phillies,2
718199,Arizona Diamondbacks,2
718199,San Francisco Giants,2
718200,Oakland Athletics,4
718200,Texas Rangers,1
718201,Los Angeles Dodgers,2
718197,New York Yankees,3
718197,Tampa Bay Rays,1
718194,Seattle Mariners,2
718198,Cincinnati Reds,1
718198,Miami Marlins,2
718195,Minnesota Twins,5
718192,Atlanta Braves,1
718203,Washington Nationals,1
718190,Texas Rangers,2
718196,St. Louis Cardinals,1
718191,Cleveland Guardians,2
718191,Los Angeles Angels,2
718193,Baltimore Orioles,2
718183,Kansas City Royals,1
718183,Milwaukee Brewers,2
718185,Los Angeles Dodgers,1
718185,San Diego Padres,2
718189,Chicago White Sox,1
718184,Arizona Diamondbacks,1
718188,Philadelphia Phillies,1
718182,Cleveland Guardians,1
718203,Washington Nationals,1
718180,New York Yankees,3
718180,Tampa Bay Rays,1
718181,Atlanta Braves,3
718181,Toronto Blue Jays,1
718175,Chicago Cubs,2
718175,Minnesota Twins,3
718176,Chicago White Sox,2
718176,Houston Astros,1
718177,Kansas City Royals,3
718177,Milwaukee Brewers,3
718174,Colorado Rockies,1
718172,Oakland Athletics,1
718172,Texas Rangers,2
718168,Los Angeles Dodgers,1
718169,San Francisco Giants,1
718187,St. Louis Cardinals,3
718167,Washington Nationals,1
718171,Baltimore Orioles,3
718171,Los Angeles Angels,2
718164,New York Yankees,3
718163,Seattle Mariners,3
718166,St. Louis Cardinals,4
718165,Atlanta Braves,5
718158,Chicago Cubs,1
718158,Houston Astros,1
718161,Colorado Rockies,3
718160,Arizona Diamondbacks,2
718160,Oakland Athletics,1
718170,Philadelphia Phillies,1
718170,San Francisco Giants,1
718159,Los Angeles Dodgers,3
718159,Minnesota Twins,2
718154,Baltimore Orioles,2
718154,Los Angeles Angels,1
718153,Miami Marlins,1
718153,Washington Nationals,1
718157,New York Yankees,2
718157,Toronto Blue Jays,1
718149,Boston Red Sox,3
718149,Seattle Mariners,1
718150,New York Mets,3
718150,Tampa Bay Rays,3
718151,Milwaukee Brewers,2
718151,St. Louis Cardinals,1
718148,Atlanta Braves,2
718148,Texas Rangers,2
718152,Chicago Cubs,2
718147,Chicago White Sox,3
718145,Cincinnati Reds,1
718145,Colorado Rockies,1
718146,Arizona Diamondbacks,2
718146,Oakland Athletics,3
718156,Philadelphia Phillies,1
718141,Minnesota Twins,1
718142,Pittsburgh Pirates,1
718138,Cincinnati Reds,1
718136,Los Angeles Dodgers,1
718136,Minnesota Twins,2
718139,Arizona Diamondbacks,2
718139,Oakland Athletics,1
718143,Philadelphia Phillies,1
718140,Kansas City Royals,1
718140,San Diego Padres,1
718137,Baltimore Orioles,1
718137,Los Angeles Angels,1
718132,Miami Marlins,1
718132,Washington Nationals,1
718134,Toronto Blue Jays,1
718133,Boston Red Sox,1
718135,New York Mets,3
718135,Tampa Bay Rays,2
718131,St. Louis Cardinals,1
718126,Atlanta Braves,3
718126,Texas Rangers,2
718127,Chicago Cubs,3
718127,Houston Astros,2
718129,Chicago White Sox,3
718128,Baltimore Orioles,2
718128,Los Angeles Angels,2
718122,New York Mets,1
718122,Tampa Bay Rays,1
718130,Miami Marlins,1
718130,Washington Nationals,1
718125,Cleveland Guardians,1
718121,New York Yankees,2
718121,Toronto Blue Jays,1
718124,Los Angeles Dodgers,2
718124,St. Louis Cardinals,7
718118,Arizona Diamondbacks,1
718118,Pittsburgh Pirates,1
718120,New York Yankees,2
718123,Detroit Tigers,4
718123,Washington Nationals,2
718116,Chicago Cubs,1
718115,Baltimore Orioles,3
718119,Cleveland Guardians,2
718119,New York Mets,3
718110,Atlanta Braves,1
718114,Texas Rangers,1
718112,Houston Astros,1
718113,Los Angeles Dodgers,1
718106,Minnesota Twins,1
718107,Boston Red Sox,2
718107,San Diego Padres,1
718105,Miami Marlins,1
718104,Kansas City Royals,1
718102,Baltimore Orioles,2
718102,Toronto Blue Jays,2
718108,Detroit Tigers,1
718108,Washington Nationals,1
718101,Arizona Diamondbacks,2
718100,Texas Rangers,2
718097,Chicago Cubs,2
718097,Philadelphia Phillies,2
718098,Houston Astros,1
718095,Cincinnati Reds,1
718095,New York Yankees,2
718093,Milwaukee Brewers,2
718093,Tampa Bay Rays,3
718109,Los Angeles Dodgers,1
718109,St. Louis Cardinals,1
718094,Atlanta Braves,1
718094,Seattle Mariners,1
718096,Los Angeles Angels,1
718096,Minnesota Twins,1
718092,Boston Red Sox,1
718092,San Diego Padres,2
718099,Cleveland Guardians,1
718099,New York Mets,2
718085,New York Yankees,2
718089,Detroit Tigers,1
718089,Washington Nationals,2
718091,Arizona Diamondbacks,1
718088,Chicago Cubs,1
718088,Philadelphia Phillies,1
718090,Atlanta Braves,1
718090,Seattle Mariners,2
718087,Toronto Blue Jays,1
718099,Cleveland Guardians,1
718099,New York Mets,2
718082,Cleveland Guardians,1
718082,New York Mets,1
718081,Milwaukee Brewers,3
718081,Tampa Bay Rays,1
718084,Chicago White Sox,1
718084,Kansas City Royals,1
718083,St. Louis Cardinals,1
718076,Texas Rangers,3
718078,Miami Marlins,2
718078,San Francisco Giants,2
718080,Minnesota Twins,1
718079,San Diego Padres,1
718072,Cleveland Guardians,1
718075,Pittsburgh Pirates,1
718075,Texas Rangers,1
718071,Cincinnati Reds,1
718071,St. Louis Cardinals,1
718077,Tampa Bay Rays,3
718077,Toronto Blue Jays,2
718073,Arizona Diamondbacks,2
718073,Philadelphia Phillies,2
718074,Atlanta Braves,1
718074,Los Angeles Dodgers,3
718066,Detroit Tigers,1
718066,Kansas City Royals,3
718067,Minnesota Twins,1
718067,San Francisco Giants,1
718068,Houston Astros,5
718068,Milwaukee Brewers,1
718069,Colorado Rockies,1
718070,Los Angeles Angels,1
718062,Seattle Mariners,2
718063,Chicago White Sox,1
718063,Cleveland Guardians,1
718065,Texas Rangers,1
718059,Cincinnati Reds,1
718059,St. Louis Cardinals,2
718061,Tampa Bay Rays,1
718061,Toronto Blue Jays,4
718060,Arizona Diamondbacks,1
718064,San Diego Padres,4
718064,Washington Nationals,2
718058,Baltimore Orioles,2
718058,New York Yankees,2
718057,Los Angeles Dodgers,2
718055,Chicago Cubs,3
718055,New York Mets,1
718054,Minnesota Twins,2
718054,San Francisco Giants,1
718056,Milwaukee Brewers,2
718051,Miami Marlins,2
718053,Los Angeles Angels,3
718050,Seattle Mariners,2
718045,Texas Rangers,1
718043,Arizona Diamondbacks,1
718043,Philadelphia Phillies,1
718047,Minnesota Twins,2
718046,Milwaukee Brewers,3
718041,Cincinnati Reds,1
718041,St. Louis Cardinals,2
718044,Tampa Bay Rays,2
718044,Toronto Blue Jays,1
718052,San Diego Padres,2
718040,Baltimore Orioles,2
718040,New York Yankees,3
718042,Atlanta Braves,2
718042,Los Angeles Dodgers,1
718039,Detroit Tigers,2
718038,Chicago Cubs,1
718038,New York Mets,1
718036,Colorado Rockies,1
718036,Miami Marlins,2
718034,Boston Red Sox,1
718034,Los Angeles Angels,3
718037,Seattle Mariners,1
718033,Colorado Rockies,1
718033,Miami Marlins,2
718035,San Diego Padres,2
718031,Chicago White Sox,1
718031,Detroit Tigers,1
718026,Atlanta Braves,3
718026,Philadelphia Phillies,2
718024,Chicago Cubs,1
718024,New York Mets,1
718028,San Francisco Giants,1
718025,Oakland Athletics,1
718025,Seattle Mariners,2
718018,Tampa Bay Rays,2
718021,Chicago White Sox,1
718020,Baltimore Orioles,1
718020,Texas Rangers,3
718023,San Diego Padres,2
718019,Atlanta Braves,2
718014,Kansas City Royals,2
718014,Washington Nationals,2
718013,Toronto Blue Jays,2
718017,San Francisco Giants,3
718016,Colorado Rockies,2
718016,New York Mets,1
718015,Los Angeles Angels,1
718015,Miami Marlins,2
718010,Boston Red Sox,1
718009,Oakland Athletics,1
718012,Pittsburgh Pirates,7
718012,Seattle Mariners,2
718006,New York Yankees,1
718006,San Diego Padres,1
718005,Detroit Tigers,2
718008,Minnesota Twins,4
718008,Toronto Blue Jays,3
718001,Baltimore Orioles,1
718003,Houston Astros,1
718000,Kansas City Royals,1
718002,Los Angeles Dodgers,2
718002,Tampa Bay Rays,1
717997,Atlanta Braves,1
717999,San Francisco Giants,1
717991,Arizona Diamondbacks,1
718007,Cincinnati Reds,2
717996,St. Louis Cardinals,1
718011,Colorado Rockies,1
718011,New York Mets,2
717998,Los Angeles Angels,1
717998,Miami Marlins,1
717994,Los Angeles Dodgers,5
717994,Tampa Bay Rays,1
717995,New York Yankees,2
717995,San Diego Padres,2
717993,St. Louis Cardinals,3
717989,Chicago White Sox,1
717989,Detroit Tigers,1
717985,Kansas City Royals,2
717986,Milwaukee Brewers,1
717986,San Francisco Giants,2
717987,Chicago Cubs,2
717987,Cincinnati Reds,1
717982,Colorado Rockies,2
717982,New York Mets,2
717980,Houston Astros,7
717980,Oakland Athletics,1
717984,Miami Marlins,1
717981,Arizona Diamondbacks,2
717981,Boston Red Sox,1
717983,Seattle Mariners,3
717992,Atlanta Braves,3
717992,Philadelphia Phillies,2
717979,Texas Rangers,1
717975,Kansas City Royals,2
717977,Arizona Diamondbacks,2
717977,Colorado Rockies,1
717968,Houston Astros,1
717968,Minnesota Twins,2
717978,Pittsburgh Pirates,2
717978,San Francisco Giants,2
717970,Atlanta Braves,1
717970,Oakland Athletics,1
717971,Chicago White Sox,3
717971,Los Angeles Angels,2
717973,Los Angeles Dodgers,1
717969,New York Yankees,3
717969,Seattle Mariners,1
717964,Detroit Tigers,2
717964,Texas Rangers,1
717963,Miami Marlins,1
717965,Milwaukee Brewers,1
717966,Cincinnati Reds,1
717962,New York Mets,1
717961,Chicago Cubs,1
717956,Houston Astros,2
717959,Chicago White Sox,1
717959,Los Angeles Angels,2
717955,Arizona Diamondbacks,3
717955,Colorado Rockies,1
717958,Atlanta Braves,1
717952,New York Yankees,3
717972,Pittsburgh Pirates,1
717957,Los Angeles Dodgers,3
717957,Washington Nationals,1
717943,Chicago White Sox,1
717943,Los Angeles Angels,5
717950,Tampa Bay Rays,2
717946,Baltimore Orioles,1
717946,Cleveland Guardians,3
717949,Atlanta Braves,1
717954,Los Angeles Dodgers,3
717954,Washington Nationals,5
717945,San Diego Padres,1
717947,Milwaukee Brewers,1
717948,Boston Red Sox,2
717948,Cincinnati Reds,1
717944,New York Mets,1
717944,Philadelphia Phillies,1
717938,Houston Astros,2
717940,Arizona Diamondbacks,1
717942,Toronto Blue Jays,2
717934,New York Mets,1
717941,San Diego Padres,1
717933,Colorado Rockies,1
717932,Boston Red Sox,2
717937,Minnesota Twins,2
717936,Los Angeles Angels,1
717931,Cincinnati Reds,1
717931,Milwaukee Brewers,1
717927,Miami Marlins,1
717930,Pittsburgh Pirates,2
717930,St. Louis Cardinals,2
717935,Philadelphia Phillies,2
717935,Washington Nationals,1
717929,Toronto Blue Jays,2
717926,Houston Astros,2
717923,Colorado Rockies,1
717923,Kansas City Royals,2
717921,Chicago Cubs,1
717919,Atlanta Braves,2
717917,Los Angeles Dodgers,4
717917,New York Yankees,3
717920,Baltimore Orioles,1
717920,San Francisco Giants,1
717928,Boston Red Sox,1
717907,Pittsburgh Pirates,1
717907,St. Louis Cardinals,2
717912,Texas Rangers,4
717914,Philadelphia Phillies,1
717908,Houston Astros,2
717908,Los Angeles Angels,1
717909,Kansas City Royals,1
717906,Cincinnati Reds,1
717906,Milwaukee Brewers,2
717913,Cleveland Guardians,2
717913,Minnesota Twins,1
717905,New York Yankees,4
717903,San Diego Padres,2
717901,Arizona Diamondbacks,1
717901,Atlanta Braves,1
717898,St. Louis Cardinals,1
717902,Philadelphia Phillies,5
717902,Washington Nationals,1
717900,New York Mets,4
717900,Toronto Blue Jays,2
717896,Miami Marlins,1
717897,Cincinnati Reds,1
717897,Milwaukee Brewers,2
717899,Houston Astros,1
717899,Los Angeles Angels,1
717893,Kansas City Royals,1
717895,Minnesota Twins,1
717891,Chicago White Sox,1
717891,Detroit Tigers,1
717894,Texas Rangers,2
717890,Baltimore Orioles,1
717890,San Francisco Giants,1
717892,Arizona Diamondbacks,2
717892,Atlanta Braves,2
717889,Chicago Cubs,3
717888,Los Angeles Dodgers,1
717888,New York Yankees,1
717928,Boston Red Sox,1
717886,Detroit Tigers,1
717886,Philadelphia Phillies,2
717887,Kansas City Royals,1
717887,Miami Marlins,1
717878,Houston Astros,4
717878,Toronto Blue Jays,2
717883,Cincinnati Reds,2
717880,San Diego Padres,1
717882,Tampa Bay Rays,2
717875,Philadelphia Phillies,1
717876,Miami Marlins,1
717881,Arizona Diamondbacks,1
717881,Washington Nationals,2
717874,Oakland Athletics,4
717877,Chicago White Sox,2
717877,New York Yankees,1
717871,Houston Astros,1
717871,Toronto Blue Jays,3
717870,Los Angeles Dodgers,2
717872,Atlanta Braves,1
717872,New York Mets,2
717867,Baltimore Orioles,2
717868,St. Louis Cardinals,3
717868,Texas Rangers,2
717861,Los Angeles Angels,2
717864,Seattle Mariners,2
717865,Oakland Athletics,1
717865,Pittsburgh Pirates,1
717863,San Diego Padres,1
717860,Miami Marlins,1
717859,Tampa Bay Rays,2
717866,Arizona Diamondbacks,1
717856,Houston Astros,1
717856,Toronto Blue Jays,2
717853,Cincinnati Reds,3
717853,Los Angeles Dodgers,3
717850,Atlanta Braves,2
717850,New York Mets,2
717851,Milwaukee Brewers,3
717854,St. Louis Cardinals,1
717852,Colorado Rockies,1
717855,Los Angeles Angels,2
717857,New York Yankees,2
717844,Los Angeles Dodgers,1
717845,Minnesota Twins,2
717845,Tampa Bay Rays,1
717849,Baltimore Orioles,2
717846,San Francisco Giants,2
717848,Chicago White Sox,4
717848,New York Yankees,1
717857,New York Yankees,2
717843,Houston Astros,1
717842,Boston Red Sox,1
717842,Cleveland Guardians,4
717840,Atlanta Braves,5
717840,New York Mets,3
717838,Los Angeles Angels,1
717847,Arizona Diamondbacks,1
717847,Washington Nationals,2
717834,Arizona Diamondbacks,2
717834,Detroit Tigers,3
717827,Tampa Bay Rays,2
717827,Texas Rangers,3
717839,Baltimore Orioles,1
717836,New York Mets,1
717836,Pittsburgh Pirates,2
717837,Los Angeles Dodgers,2
717837,Philadelphia Phillies,1
717841,Boston Red Sox,2
717841,New York Yankees,1
717835,Minnesota Twins,1
717833,Cleveland Guardians,1
717833,Houston Astros,1
717828,Chicago White Sox,1
717828,Miami Marlins,1
717832,St. Louis Cardinals,3
717830,Colorado Rockies,1
717830,San Diego Padres,5
717824,Los Angeles Angels,2
717824,Seattle Mariners,2
717821,Arizona Diamondbacks,2
717820,Chicago White Sox,1
717817,St. Louis Cardinals,2
717822,Minnesota Twins,3
717819,Colorado Rockies,1
717818,Baltimore Orioles,2
717812,New York Mets,1
717811,Los Angeles Dodgers,2
717813,Tampa Bay Rays,1
717813,Texas Rangers,1
717816,Atlanta Braves,2
717816,Washington Nationals,1
717814,Milwaukee Brewers,1
717815,Houston Astros,1
717826,Chicago Cubs,2
717825,Boston Red Sox,1
717825,New York Yankees,2
717809,Los Angeles Angels,1
717809,Seattle Mariners,1
717804,Arizona Diamondbacks,1
717804,Detroit Tigers,1
717802,Cleveland Guardians,2
717808,Baltimore Orioles,2
717808,Kansas City Royals,1
717803,New York Mets,1
717803,Pittsburgh Pirates,1
717806,Los Angeles Dodgers,2
717806,Philadelphia Phillies,1
717807,Atlanta Braves,1
717807,Washington Nationals,2
717805,Minnesota Twins,1
717805,Toronto Blue Jays,2
717801,Tampa Bay Rays,1
717801,Texas Rangers,1
717795,Chicago White Sox,1
717795,Miami Marlins,4
717800,Milwaukee Brewers,1
717800,Oakland Athletics,3
717797,Cincinnati Reds,1
717798,Colorado Rockies,4
717798,San Diego Padres,1
717796,San Francisco Giants,4
717799,Los Angeles Angels,3
717799,Seattle Mariners,2
717810,Boston Red Sox,1
717790,Atlanta Braves,1
717790,Detroit Tigers,2
717794,Boston Red Sox,1
717791,St. Louis Cardinals,2
717792,Los Angeles Angels,3
717792,Texas Rangers,1
717793,Cincinnati Reds,1
717793,Kansas City Royals,1
717789,Tampa Bay Rays,1
717785,Arizona Diamondbacks,1
717785,Philadelphia Phillies,1
717786,Miami Marlins,1
717786,Seattle Mariners,3
717787,Baltimore Orioles,4
717787,Toronto Blue Jays,1
717788,Boston Red Sox,2
717779,New York Mets,1
717779,New York Yankees,2
717783,Milwaukee Brewers,1
717783,Minnesota Twins,3
717781,San Francisco Giants,2
717782,Chicago Cubs,2
717782,Pittsburgh Pirates,2
717780,Los Angeles Angels,2
717780,Texas Rangers,2
717777,Kansas City Royals,1
717778,Houston Astros,4
717772,Cleveland Guardians,1
717772,San Diego Padres,2
717775,Arizona Diamondbacks,1
717775,Philadelphia Phillies,2
717773,Miami Marlins,1
717773,Seattle Mariners,3
717776,Los Angeles Dodgers,2
717784,Atlanta Braves,3
717784,Detroit Tigers,3
717770,Atlanta Braves,2
717770,Detroit Tigers,3
717784,Atlanta Braves,3
717784,Detroit Tigers,3
717771,Milwaukee Brewers,2
717767,San Francisco Giants,1
717767,St. Louis Cardinals,1
717769,Toronto Blue Jays,1
717763,Pittsburgh Pirates,3
717765,Los Angeles Angels,1
717765,Texas Rangers,3
717764,Cincinnati Reds,4
717762,Houston Astros,2
717758,San Diego Padres,4
717761,Oakland Athletics,1
717757,Arizona Diamondbacks,1
717757,Philadelphia Phillies,1
717759,Miami Marlins,1
717760,Chicago White Sox,3
717753,Baltimore Orioles,2
717753,Toronto Blue Jays,2
717756,Tampa Bay Rays,2
717755,Arizona Diamondbacks,1
717755,Philadelphia Phillies,1
717752,Minnesota Twins,1
717754,Atlanta Braves,1
717754,Colorado Rockies,2
717751,Los Angeles Angels,3
717746,Washington Nationals,1
717750,Cleveland Guardians,1
717750,San Diego Padres,1
717748,Chicago White Sox,4
717748,Los Angeles Dodgers,1
717744,Chicago Cubs,3
717749,Miami Marlins,1
717749,Washington Nationals,1
717743,New York Mets,1
717743,St. Louis Cardinals,1
717742,Boston Red Sox,2
717742,New York Yankees,1
717745,Atlanta Braves,3
717741,Texas Rangers,1
717741,Toronto Blue Jays,1
717737,Cincinnati Reds,1
717738,Detroit Tigers,3
717738,Minnesota Twins,1
717740,Milwaukee Brewers,1
717740,Pittsburgh Pirates,1
717739,Cleveland Guardians,1
717732,San Diego Padres,1
717732,Tampa Bay Rays,2
717735,Philadelphia Phillies,3
717731,San Francisco Giants,1
717733,Chicago White Sox,2
717733,Seattle Mariners,1
717729,Baltimore Orioles,1
717723,Texas Rangers,3
717723,Toronto Blue Jays,1
717725,Oakland Athletics,1
717727,Cincinnati Reds,1
717727,Houston Astros,2
717726,Kansas City Royals,1
717726,Los Angeles Angels,4
717718,New York Mets,2
717718,St. Louis Cardinals,2
717724,Atlanta Braves,4
717724,Colorado Rockies,1
717722,Chicago White Sox,1
717722,Seattle Mariners,1
717720,Milwaukee Brewers,2
717721,San Francisco Giants,2
717719,Arizona Diamondbacks,4
717719,Cleveland Guardians,1
717730,New York Yankees,1
717708,Baltimore Orioles,1
717708,Chicago Cubs,2
717716,Atlanta Braves,4
717716,Colorado Rockies,2
717714,Washington Nationals,1
717730,New York Yankees,1
717713,New York Mets,2
717713,St. Louis Cardinals,4
717707,Cincinnati Reds,3
717707,Houston Astros,1
717712,Los Angeles Angels,3
717711,Detroit Tigers,2
717710,Pittsburgh Pirates,1
717709,Texas Rangers,2
717705,Oakland Athletics,1
717705,Philadelphia Phillies,1
717706,Arizona Diamondbacks,1
717699,St. Louis Cardinals,2
717692,Detroit Tigers,1
717692,Kansas City Royals,2
717700,Miami Marlins,1
717701,Cincinnati Reds,3
717701,Colorado Rockies,1
717693,Boston Red Sox,1
717693,Minnesota Twins,1
717694,Houston Astros,1
717694,New York Mets,2
717695,Chicago White Sox,2
717695,Texas Rangers,1
717696,Arizona Diamondbacks,2
717697,San Diego Padres,2
717697,San Francisco Giants,3
717687,Baltimore Orioles,3
717689,Atlanta Braves,2
717686,Chicago Cubs,2
717691,St. Louis Cardinals,3
717684,New York Yankees,1
717685,Cincinnati Reds,3
717685,Colorado Rockies,3
717679,Oakland Athletics,1
717683,Boston Red Sox,3
717683,Minnesota Twins,3
717682,Houston Astros,1
717675,Chicago White Sox,2
717675,Texas Rangers,1
717680,Arizona Diamondbacks,1
717680,Milwaukee Brewers,1
717688,San Diego Padres,1
717688,San Francisco Giants,1
717677,Baltimore Orioles,2
717677,Tampa Bay Rays,2
717676,Toronto Blue Jays,1
717669,Cincinnati Reds,1
717669,Colorado Rockies,3
717671,Chicago Cubs,1
717668,Detroit Tigers,1
717670,Houston Astros,2
717670,New York Mets,1
717672,Milwaukee Brewers,1
717673,Washington Nationals,1
717666,New York Yankees,3
717666,Seattle Mariners,1
717663,Cleveland Guardians,1
717663,Oakland Athletics,1
717665,Boston Red Sox,1
717665,Minnesota Twins,1
717667,Chicago White Sox,1
717667,Texas Rangers,2
717662,Los Angeles Dodgers,2
717847,Arizona Diamondbacks,1
717847,Washington Nationals,2
717657,Atlanta Braves,1
717660,Cleveland Guardians,1
717658,Minnesota Twins,3
717661,San Diego Padres,3
717659,Kansas City Royals,1
717659,Tampa Bay Rays,1
717654,Miami Marlins,1
717654,Pittsburgh Pirates,2
717652,New York Yankees,1
717652,Seattle Mariners,4
717649,Kansas City Royals,2
717649,Tampa Bay Rays,1
717647,Minnesota Twins,2
717650,Atlanta Braves,5
717650,Cincinnati Reds,4
717651,Baltimore Orioles,1
717651,Seattle Mariners,2
717656,New York Mets,1
717655,Texas Rangers,1
717646,Oakland Athletics,2
717646,Toronto Blue Jays,1
717648,Cleveland Guardians,1
717648,Milwaukee Brewers,2
717645,Boston Red Sox,1
717644,Colorado Rockies,2
717644,Los Angeles Angels,2
717642,San Diego Padres,3
717642,Washington Nationals,1
717643,Houston Astros,2
717643,Los Angeles Dodgers,1
717641,Arizona Diamondbacks,1
717641,San Francisco Giants,1
717637,Chicago Cubs,3
717628,Baltimore Orioles,3
717628,Seattle Mariners,4
717639,Arizona Diamondbacks,1
717639,San Francisco Giants,1
717635,New York Mets,1
717635,Philadelphia Phillies,1
717636,New York Yankees,1
717634,Oakland Athletics,1
717634,Toronto Blue Jays,2
717632,Kansas City Royals,3
717632,Tampa Bay Rays,1
717631,Atlanta Braves,4
717631,Cincinnati Reds,4
717629,Boston Red Sox,1
717629,Chicago White Sox,4
717630,Miami Marlins,1
717626,Houston Astros,1
717626,Los Angeles Dodgers,3
717633,Minnesota Twins,2
717638,Washington Nationals,2
717640,Colorado Rockies,1
717640,Los Angeles Angels,5
717621,Minnesota Twins,1
717627,Baltimore Orioles,1
717627,Seattle Mariners,1
717624,New York Mets,2
717624,Philadelphia Phillies,1
717622,Texas Rangers,1
717617,Oakland Athletics,1
717617,Toronto Blue Jays,2
717619,Tampa Bay Rays,1
717618,Atlanta Braves,1
717618,Cincinnati Reds,1
717620,Miami Marlins,1
717613,Cleveland Guardians,1
717614,Chicago White Sox,2
717616,Colorado Rockies,1
717612,Arizona Diamondbacks,1
717610,San Diego Padres,1
717610,Washington Nationals,1
717615,Houston Astros,2
717615,Los Angeles Dodgers,2
717611,Cincinnati Reds,1
717607,Milwaukee Brewers,1
717609,Atlanta Braves,2
717609,Minnesota Twins,1
717606,Detroit Tigers,2
717606,Texas Rangers,2
717608,Chicago White Sox,1
717608,Los Angeles Angels,1
717602,Seattle Mariners,2
717602,Washington Nationals,2
717601,Cincinnati Reds,2
717603,Pittsburgh Pirates,3
717605,Miami Marlins,2
717597,New York Mets,4
717600,Atlanta Braves,5
717598,Houston Astros,1
717598,St. Louis Cardinals,1
717599,Detroit Tigers,1
717599,Texas Rangers,2
717596,Philadelphia Phillies,2
717594,Los Angeles Dodgers,2
717592,Los Angeles Angels,2
717590,Seattle Mariners,1
717590,Washington Nationals,1
717593,Arizona Diamondbacks,4
717593,Tampa Bay Rays,1
717595,New York Yankees,1
717595,Oakland Athletics,1
717588,Atlanta Braves,1
717587,Seattle Mariners,1
717589,Baltimore Orioles,1
717589,Cincinnati Reds,1
717585,Pittsburgh Pirates,1
717586,San Francisco Giants,1
717583,Boston Red Sox,1
717583,Miami Marlins,2
717581,New York Mets,1
717582,Houston Astros,2
717582,St. Louis Cardinals,3
717580,Detroit Tigers,1
717580,Texas Rangers,3
717584,Chicago Cubs,2
717584,Philadelphia Phillies,3
717577,Cleveland Guardians,3
717578,Los Angeles Dodgers,1
717576,Chicago White Sox,4
717576,Los Angeles Angels,2
717571,San Diego Padres,2
717570,Detroit Tigers,2
717570,Texas Rangers,2
717574,New York Yankees,2
717568,Arizona Diamondbacks,1
717568,Tampa Bay Rays,1
717560,Los Angeles Angels,4
717569,Miami Marlins,1
717564,Toronto Blue Jays,1
717565,Milwaukee Brewers,1
717565,New York Mets,2
717566,Houston Astros,2
717567,Philadelphia Phillies,1
717572,Los Angeles Dodgers,1
717559,Chicago Cubs,2
717559,Cleveland Guardians,1
717557,Cincinnati Reds,3
717557,San Diego Padres,1
717563,Washington Nationals,1
717561,Baltimore Orioles,1
717561,Minnesota Twins,3
717562,Pittsburgh Pirates,2
717555,Boston Red Sox,3
717556,New York Mets,1
717556,San Francisco Giants,2
717558,Atlanta Braves,6
717558,Miami Marlins,2
717554,Houston Astros,1
717554,Texas Rangers,2
717552,Colorado Rockies,1
717552,Detroit Tigers,1
717553,Los Angeles Dodgers,2
717549,Arizona Diamondbacks,1
717549,Los Angeles Angels,1
717551,Chicago White Sox,1
717551,Oakland Athletics,1
717548,Seattle Mariners,1
717548,Tampa Bay Rays,3
717550,St. Louis Cardinals,1
717539,Cincinnati Reds,1
717539,San Diego Padres,3
717545,New York Yankees,1
717545,St. Louis Cardinals,2
717550,St. Louis Cardinals,1
717547,Boston Red Sox,2
717547,Toronto Blue Jays,3
717542,Houston Astros,1
717541,Minnesota Twins,1
717543,Philadelphia Phillies,4
717543,Washington Nationals,1
717540,Milwaukee Brewers,2
717540,Pittsburgh Pirates,1
717538,Chicago White Sox,1
717538,Oakland Athletics,1
717535,New York Mets,3
717536,Atlanta Braves,2
717534,Seattle Mariners,1
717534,Tampa Bay Rays,1
717544,Detroit Tigers,1
717533,Los Angeles Angels,1
717528,Philadelphia Phillies,2
717528,Washington Nationals,2
717532,Atlanta Braves,3
717531,Milwaukee Brewers,1
717531,Pittsburgh Pirates,1
717530,Boston Red Sox,1
717530,Toronto Blue Jays,2
717526,Cincinnati Reds,2
717526,San Diego Padres,2
717524,St. Louis Cardinals,1
717520,Houston Astros,1
717520,Texas Rangers,1
717523,Colorado Rockies,2
717523,Detroit Tigers,5
717522,Arizona Diamondbacks,1
717522,Los Angeles Angels,3
717518,Chicago White Sox,1
717518,Oakland Athletics,1
717519,Seattle Mariners,2
717519,Tampa Bay Rays,2
717521,Chicago Cubs,1
717521,Cleveland Guardians,1
717525,New York Mets,2
717525,San Francisco Giants,1
717514,Houston Astros,4
717514,Texas Rangers,3
717517,Cincinnati Reds,1
717517,Washington Nationals,1
717515,St. Louis Cardinals,1
717513,New York Yankees,3
717512,Atlanta Braves,3
717510,Kansas City Royals,2
717510,Minnesota Twins,1
717505,Los Angeles Angels,1
717505,San Diego Padres,1
717516,San Francisco Giants,2
717506,Los Angeles Dodgers,1
717507,Cincinnati Reds,3
717508,Baltimore Orioles,2
717508,New York Yankees,2
717502,Miami Marlins,2
717501,Texas Rangers,1
717500,Kansas City Royals,1
717500,Minnesota Twins,3
717504,Colorado Rockies,1
717504,Houston Astros,1
717498,Arizona Diamondbacks,3
717498,New York Mets,3
717499,Tampa Bay Rays,1
717503,Chicago Cubs,1
717509,Seattle Mariners,2
717497,Los Angeles Angels,1
717497,San Diego Padres,2
717495,Atlanta Braves,2
717495,Cleveland Guardians,1
717496,Chicago White Sox,1
717496,Toronto Blue Jays,1
717492,Los Angeles Dodgers,4
717492,Pittsburgh Pirates,1
717489,Colorado Rockies,2
717489,Houston Astros,3
717485,Oakland Athletics,3
717491,Philadelphia Phillies,2
717491,Tampa Bay Rays,1
717488,Miami Marlins,1
717488,St. Louis Cardinals,2
717493,Cincinnati Reds,2
717487,Baltimore Orioles,1
717487,New York Yankees,2
717484,Texas Rangers,1
717486,Atlanta Braves,3
717482,Minnesota Twins,2
717483,Milwaukee Brewers,1
717478,Los Angeles Angels,1
717478,San Diego Padres,1
717477,Arizona Diamondbacks,1
717477,New York Mets,1
717479,Los Angeles Dodgers,2
717479,Pittsburgh Pirates,2
717480,Chicago White Sox,1
717480,Toronto Blue Jays,3
717481,Cincinnati Reds,1
717481,Washington Nationals,1
717476,Detroit Tigers,1
717474,Chicago Cubs,2
717474,Milwaukee Brewers,2
717480,Chicago White Sox,1
717480,Toronto Blue Jays,3
717472,Philadelphia Phillies,1
717472,Tampa Bay Rays,1
717473,St. Louis Cardinals,1
717475,Baltimore Orioles,2
717469,Cleveland Guardians,3
717471,Texas Rangers,1
717467,Seattle Mariners,3
717470,New York Mets,3
717462,Los Angeles Dodgers,2
717457,Toronto Blue Jays,2
717460,Atlanta Braves,1
717460,Tampa Bay Rays,1
717466,Miami Marlins,1
717466,Philadelphia Phillies,2
717465,Texas Rangers,2
717465,Washington Nationals,2
717464,Chicago Cubs,1
717463,Cleveland Guardians,1
717461,Oakland Athletics,1
717453,Seattle Mariners,1
717455,Chicago White Sox,2
717455,St. Louis Cardinals,2
717459,Cincinnati Reds,1
717459,Milwaukee Brewers,2
717452,Arizona Diamondbacks,1
717454,New York Mets,1
717454,San Diego Padres,1
717456,Los Angeles Angels,2
717456,Los Angeles Dodgers,5
717448,Colorado Rockies,2
717448,San Francisco Giants,1
717447,Chicago Cubs,1
717447,New York Yankees,3
717445,St. Louis Cardinals,1
717451,Colorado Rockies,1
717451,San Francisco Giants,2
717450,Texas Rangers,2
717450,Washington Nationals,3
717443,Kansas City Royals,1
717449,Boston Red Sox,2
717449,Oakland Athletics,2
717439,Arizona Diamondbacks,1
717438,Miami Marlins,1
717438,Philadelphia Phillies,1
717444,Cincinnati Reds,2
717444,Milwaukee Brewers,2
717440,Houston Astros,1
717441,Atlanta Braves,1
717437,Los Angeles Angels,1
717437,Los Angeles Dodgers,5
717436,New York Mets,1
717436,San Diego Padres,1
717432,Washington Nationals,3
717435,Boston Red Sox,2
717435,Oakland Athletics,1
717433,Chicago Cubs,1
717433,New York Yankees,2
717434,Kansas City Royals,1
717431,Detroit Tigers,1
717431,Toronto Blue Jays,1
717429,Atlanta Braves,1
717429,Tampa Bay Rays,2
717426,Miami Marlins,3
717426,Philadelphia Phillies,1
717430,Houston Astros,1
717428,Baltimore Orioles,6
717428,Minnesota Twins,1
717424,St. Louis Cardinals,1
717422,San Francisco Giants,1
717425,Arizona Diamondbacks,1
717425,Pittsburgh Pirates,1
717423,San Diego Padres,2
717418,Philadelphia Phillies,1
717418,San Diego Padres,4
717416,Pittsburgh Pirates,1
717407,St. Louis Cardinals,3
717417,Baltimore Orioles,3
717417,Miami Marlins,1
717420,Arizona Diamondbacks,1
717420,Toronto Blue Jays,1
717413,Los Angeles Dodgers,1
717414,Atlanta Braves,1
717419,Boston Red Sox,6
717419,Chicago Cubs,2
717415,Cleveland Guardians,2
717415,Texas Rangers,4
717410,Colorado Rockies,3
717410,New York Yankees,1
717405,Los Angeles Angels,1
717409,Minnesota Twins,1
717406,Detroit Tigers,3
717406,Seattle Mariners,1
717411,Kansas City Royals,1
717411,Tampa Bay Rays,3
717408,Philadelphia Phillies,1
717408,San Diego Padres,2
717397,Philadelphia Phillies,2
717411,Kansas City Royals,1
717411,Tampa Bay Rays,3
717407,St. Louis Cardinals,3
717403,Boston Red Sox,1
717403,Chicago Cubs,2
717404,Toronto Blue Jays,2
717398,Pittsburgh Pirates,1
717398,San Francisco Giants,1
717401,Baltimore Orioles,1
717399,Minnesota Twins,2
717399,Oakland Athletics,2
717392,Milwaukee Brewers,3
717400,Los Angeles Dodgers,1
717400,New York Mets,1
717396,St. Louis Cardinals,2
717396,Washington Nationals,2
717395,Atlanta Braves,3
717395,Chicago White Sox,1
717394,Colorado Rockies,1
717394,New York Yankees,1
717389,Houston Astros,2
717389,Los Angeles Angels,4
717390,Detroit Tigers,2
717387,Philadelphia Phillies,2
717387,San Diego Padres,2
717391,Chicago White Sox,2
717384,Baltimore Orioles,1
717383,Cincinnati Reds,1
717383,Milwaukee Brewers,1
717382,Kansas City Royals,3
717382,Tampa Bay Rays,2
717380,St. Louis Cardinals,2
717380,Washington Nationals,1
717376,Boston Red Sox,3
717377,Cleveland Guardians,2
717377,Texas Rangers,1
717378,Colorado Rockies,4
717379,Minnesota Twins,2
717379,Oakland Athletics,1
717373,Seattle Mariners,1
717381,Houston Astros,5
717381,Los Angeles Angels,2
717372,Baltimore Orioles,1
717372,Los Angeles Dodgers,1
717371,Cleveland Guardians,3
717375,Cincinnati Reds,2
717375,San Francisco Giants,2
717374,Miami Marlins,2
717370,Chicago Cubs,2
717370,Washington Nationals,2
717367,Tampa Bay Rays,1
717367,Texas Rangers,1
717369,Los Angeles Angels,2
717365,Minnesota Twins,2
717365,Seattle Mariners,1
717375,Cincinnati Reds,2
717375,San Francisco Giants,2
717363,Philadelphia Phillies,1
717361,Los Angeles Dodgers,1
717364,Cleveland Guardians,3
717364,Pittsburgh Pirates,1
717362,San Diego Padres,4
717360,Cincinnati Reds,4
717360,San Francisco Giants,2
717359,Chicago White Sox,1
717359,New York Mets,4
717358,Arizona Diamondbacks,3
717358,Atlanta Braves,3
717357,St. Louis Cardinals,2
717353,Chicago Cubs,2
717353,Washington Nationals,1
717354,Tampa Bay Rays,2
717354,Texas Rangers,2
717356,Detroit Tigers,2
717355,Colorado Rockies,2
717352,Los Angeles Angels,1
717352,New York Yankees,1
717349,Oakland Athletics,2
717350,Minnesota Twins,4
717350,Seattle Mariners,1
717348,Cleveland Guardians,1
717343,Baltimore Orioles,1
717343,Los Angeles Dodgers,2
717346,Tampa Bay Rays,1
717346,Texas Rangers,2
717351,Miami Marlins,1
717351,St. Louis Cardinals,1
717345,Colorado Rockies,1
717345,Houston Astros,1
717344,Boston Red Sox,1
717344,Oakland Athletics,3
717347,Philadelphia Phillies,1
717339,Los Angeles Angels,2
717339,New York Yankees,2
717342,Cincinnati Reds,1
717342,San Francisco Giants,1
717341,Chicago White Sox,1
717341,New York Mets,1
717340,Atlanta Braves,2
717336,Chicago Cubs,2
717336,Washington Nationals,1
717333,Detroit Tigers,1
717335,Minnesota Twins,3
717335,Seattle Mariners,2
717337,Arizona Diamondbacks,3
717337,Atlanta Braves,4
717334,Cincinnati Reds,1
717334,San Francisco Giants,1
717329,Milwaukee Brewers,1
717331,Toronto Blue Jays,2
717330,New York Mets,1
717327,Seattle Mariners,2
717322,St. Louis Cardinals,2
717323,Houston Astros,1
717325,Chicago Cubs,2
717317,Detroit Tigers,2
717317,San Diego Padres,2
717320,Tampa Bay Rays,2
717319,Colorado Rockies,3
717326,San Francisco Giants,2
717326,Washington Nationals,2
717318,Kansas City Royals,2
717318,New York Yankees,3
717321,Arizona Diamondbacks,3
717321,Cincinnati Reds,1
717324,New York Mets,2
717315,Philadelphia Phillies,2
717316,Los Angeles Dodgers,1
717316,Texas Rangers,2
717314,Chicago White Sox,2
717314,Minnesota Twins,4
717313,Atlanta Braves,2
717313,Milwaukee Brewers,1
717312,Los Angeles Angels,4
717312,Pittsburgh Pirates,4
717310,Houston Astros,4
717311,Toronto Blue Jays,1
717304,Kansas City Royals,1
717304,New York Yankees,2
717306,Colorado Rockies,1
717324,New York Mets,2
717308,St. Louis Cardinals,2
717305,Los Angeles Dodgers,5
717305,Texas Rangers,1
717303,Arizona Diamondbacks,1
717303,Cincinnati Reds,3
717301,Seattle Mariners,4
717301,Toronto Blue Jays,3
717299,San Diego Padres,3
717307,Washington Nationals,1
717309,Boston Red Sox,5
717296,Atlanta Braves,1
717295,Houston Astros,1
717295,Oakland Athletics,2
717297,Pittsburgh Pirates,1
717288,Detroit Tigers,2
717290,San Francisco Giants,1
717290,Washington Nationals,1
717294,Kansas City Royals,4
717294,New York Yankees,2
717289,Arizona Diamondbacks,1
717289,Cincinnati Reds,2
717291,Baltimore Orioles,2
717291,Tampa Bay Rays,1
717283,Cleveland Guardians,3
717292,Colorado Rockies,2
717285,Chicago White Sox,2
717287,Atlanta Braves,2
717287,Milwaukee Brewers,1
717286,Chicago Cubs,1
717284,Los Angeles Dodgers,1
717279,Houston Astros,2
717279,Oakland Athletics,1
717278,Los Angeles Angels,4
717278,Pittsburgh Pirates,1
717281,Seattle Mariners,1
717281,Toronto Blue Jays,2
717298,Boston Red Sox,1
717280,Baltimore Orioles,2
717282,Colorado Rockies,1
717282,Washington Nationals,1
717277,Kansas City Royals,2
717275,Seattle Mariners,2
717274,Houston Astros,1
717274,Texas Rangers,2
717273,Cincinnati Reds,1
717273,Milwaukee Brewers,1
717276,Pittsburgh Pirates,4
717276,San Diego Padres,2
717268,Arizona Diamondbacks,1
717268,St. Louis Cardinals,2
717271,Los Angeles Dodgers,2
717271,Toronto Blue Jays,1
717265,Detroit Tigers,1
717267,Baltimore Orioles,1
717267,Philadelphia Phillies,1
717270,Tampa Bay Rays,1
717269,Colorado Rockies,1
717269,Washington Nationals,2
717266,New York Mets,3
717260,Cleveland Guardians,2
717261,Boston Red Sox,1
717264,Minnesota Twins,2
717264,Seattle Mariners,3
717255,Houston Astros,2
717255,Texas Rangers,1
717263,Chicago Cubs,4
717262,Cincinnati Reds,1
717262,Milwaukee Brewers,1
717258,San Diego Padres,3
717256,Los Angeles Dodgers,2
717256,Toronto Blue Jays,1
717257,Colorado Rockies,3
717252,Miami Marlins,1
717249,Cleveland Guardians,3
717249,Kansas City Royals,1
717250,Minnesota Twins,4
717250,Seattle Mariners,3
717254,Milwaukee Brewers,1
717244,Arizona Diamondbacks,2
717244,St. Louis Cardinals,5
717246,Pittsburgh Pirates,3
717253,Toronto Blue Jays,2
717245,Baltimore Orioles,1
717245,Philadelphia Phillies,1
717242,Atlanta Braves,1
717242,Boston Red Sox,3
717239,Houston Astros,2
717239,Texas Rangers,4
717240,Chicago Cubs,2
717240,Chicago White Sox,1
717251,San Francisco Giants,2
717247,Los Angeles Angels,4
717243,Los Angeles Angels,2
717247,Los Angeles Angels,4
717238,Chicago Cubs,1
717238,St. Louis Cardinals,2
717233,Chicago White Sox,2
718780,Chicago Cubs,0
718777,Chicago Cubs,0
718775,Chicago Cubs,0
718769,Chicago Cubs,0
718763,Chicago Cubs,0
718759,Chicago Cubs,0
718751,Chicago Cubs,0
718743,Chicago Cubs,0
718682,Chicago Cubs,0
718684,Chicago Cubs,0
718675,Chicago Cubs,0
718684,Chicago Cubs,0
718663,Chicago Cubs,0
718653,Chicago Cubs,0
718639,Chicago Cubs,0
718637,Chicago Cubs,0
718634,Chicago Cubs,0
718629,Chicago Cubs,0
718602,Chicago Cubs,0
718593,Chicago Cubs,0
718584,Chicago Cubs,0
718582,Chicago Cubs,0
718562,Chicago Cubs,0
718545,Chicago Cubs,0
718549,Chicago Cubs,0
718531,Chicago Cubs,0
718523,Chicago Cubs,0
718496,Chicago Cubs,0
718492,Chicago Cubs,0
718484,Chicago Cubs,0
718488,Chicago Cubs,0
718488,Chicago Cubs,0
718474,Chicago Cubs,0
718459,Chicago Cubs,0
718463,Chicago Cubs,0
718436,Chicago Cubs,0
718422,Chicago Cubs,0
718418,Chicago Cubs,0
718414,Chicago Cubs,0
718410,Chicago Cubs,0
718404,Chicago Cubs,0
718379,Chicago Cubs,0
718369,Chicago Cubs,0
718367,Chicago Cubs,0
718359,Chicago Cubs,0
718337,Chicago Cubs,0
718335,Chicago Cubs,0
718333,Chicago Cubs,0
718301,Chicago Cubs,0
718294,Chicago Cubs,0
718291,Chicago Cubs,0
718274,Chicago Cubs,0
718273,Chicago Cubs,0
718256,Chicago Cubs,0
718248,Chicago Cubs,0
718234,Chicago Cubs,0
718227,Chicago Cubs,0
718214,Chicago Cubs,0
718179,Chicago Cubs,0
718173,Chicago Cubs,0
718178,Chicago Cubs,0
718186,Chicago Cubs,0
718162,Chicago Cubs,0
718155,Chicago Cubs,0
718144,Chicago Cubs,0
718117,Chicago Cubs,0
718111,Chicago Cubs,0
718103,Chicago Cubs,0
718086,Chicago Cubs,0
718049,Chicago Cubs,0
718048,Chicago Cubs,0
718030,Chicago Cubs,0
718032,Chicago Cubs,0
718029,Chicago Cubs,0
718027,Chicago Cubs,0
718022,Chicago Cubs,0
718004,Chicago Cubs,0
717990,Chicago Cubs,0
717988,Chicago Cubs,0
717974,Chicago Cubs,0
717976,Chicago Cubs,0
717967,Chicago Cubs,0
717960,Chicago Cubs,0
717951,Chicago Cubs,0
717953,Chicago Cubs,0
717939,Chicago Cubs,0
717922,Chicago Cubs,0
717924,Chicago Cubs,0
717925,Chicago Cubs,0
717918,Chicago Cubs,0
717885,Chicago Cubs,0
717915,Chicago Cubs,0
717910,Chicago Cubs,0
717911,Chicago Cubs,0
717916,Chicago Cubs,0
717904,Chicago Cubs,0
717884,Chicago Cubs,0
717879,Chicago Cubs,0
717873,Chicago Cubs,0
717869,Chicago Cubs,0
717858,Chicago Cubs,0
717862,Chicago Cubs,0
717862,Chicago Cubs,0
717829,Chicago Cubs,0
717831,Chicago Cubs,0
717823,Chicago Cubs,0
717774,Chicago Cubs,0
717768,Chicago Cubs,0
717766,Chicago Cubs,0
717747,Chicago Cubs,0
717736,Chicago Cubs,0
717728,Chicago Cubs,0
717734,Chicago Cubs,0
717717,Chicago Cubs,0
717715,Chicago Cubs,0
717702,Chicago Cubs,0
717703,Chicago Cubs,0
717704,Chicago Cubs,0
717698,Chicago Cubs,0
717681,Chicago Cubs,0
717690,Chicago Cubs,0
717678,Chicago Cubs,0
717674,Chicago Cubs,0
717653,Chicago Cubs,0
717625,Chicago Cubs,0
717623,Chicago Cubs,0
717604,Chicago Cubs,0
717591,Chicago Cubs,0
717575,Chicago Cubs,0
717573,Chicago Cubs,0
717546,Chicago Cubs,0
717537,Chicago Cubs,0
717529,Chicago Cubs,0
717527,Chicago Cubs,0
717511,Chicago Cubs,0
717494,Chicago Cubs,0
717490,Chicago Cubs,0
717468,Chicago Cubs,0
717458,Chicago Cubs,0
717442,Chicago Cubs,0
717446,Chicago Cubs,0
717427,Chicago Cubs,0
717412,Chicago Cubs,0
717393,Chicago Cubs,0
717402,Chicago Cubs,0
717388,Chicago Cubs,0
717386,Chicago Cubs,0
717385,Chicago Cubs,0
717368,Chicago Cubs,0
717366,Chicago Cubs,0
717338,Chicago Cubs,0
717332,Chicago Cubs,0
717328,Chicago Cubs,0
717300,Chicago Cubs,0
717302,Chicago Cubs,0
717293,Chicago Cubs,0
717259,Chicago Cubs,0
717272,Chicago Cubs,0
717248,Chicago Cubs,0
717241,Chicago Cubs,0
717236,Miami Marlins,1
717234,Philadelphia Phillies,1
717237,Baltimore Orioles,1
717235,Los Angeles Angels,1
717235,Toronto Blue Jays,3
717230,New York Mets,2
717230,Washington Nationals,1
717228,Chicago White Sox,2
717231,Atlanta Braves,3
717231,Milwaukee Brewers,1
717229,Houston Astros,1
717229,Tampa Bay Rays,1
717232,Kansas City Royals,2
717226,Chicago Cubs,1
717226,St. Louis Cardinals,2
717227,Colorado Rockies,1
717227,Oakland Athletics,2
717223,Chicago Cubs,0
717224,San Diego Padres,1
717225,Cincinnati Reds,2
717220,Boston Red Sox,1
717220,San Francisco Giants,1
717222,Toronto Blue Jays,3
717218,Detroit Tigers,2
717216,Pittsburgh Pirates,1
717215,New York Mets,4
717207,Kansas City Royals,2
717207,Minnesota Twins,1
717217,Chicago White Sox,2
717221,San Francisco Giants,1
717213,Chicago Cubs,2
717214,Houston Astros,5
717214,Tampa Bay Rays,3
717219,Baltimore Orioles,1
717219,New York Yankees,3
717211,Atlanta Braves,4
717211,Milwaukee Brewers,1
717212,Colorado Rockies,1
717212,Oakland Athletics,2
717210,Seattle Mariners,1
717209,Chicago Cubs,0
717205,Los Angeles Dodgers,2
717201,Los Angeles Angels,1
717208,Philadelphia Phillies,1
717208,Pittsburgh Pirates,2
717206,Atlanta Braves,4
717206,Milwaukee Brewers,2
717203,New York Mets,1
717202,Miami Marlins,2
717196,Tampa Bay Rays,1
717198,Kansas City Royals,1
717198,Minnesota Twins,1
717204,Cleveland Guardians,3
717195,Chicago Cubs,0
717199,Chicago Cubs,0
717197,Boston Red Sox,2
717194,Cincinnati Reds,3
717193,Seattle Mariners,1
717191,San Diego Padres,2
717200,Baltimore Orioles,1
717200,New York Yankees,1
717189,Miami Marlins,1
717185,New York Yankees,1
717185,Tampa Bay Rays,4
717192,Milwaukee Brewers,1
717192,Washington Nationals,1
717186,Baltimore Orioles,1
717186,Toronto Blue Jays,1
717187,Atlanta Braves,1
717187,Los Angeles Angels,3
717188,Chicago Cubs,1
717184,Houston Astros,1
717179,Colorado Rockies,1
717179,San Diego Padres,1
717181,Seattle Mariners,2
717190,San Francisco Giants,1
717182,Philadelphia Phillies,1
717178,Pittsburgh Pirates,1
717175,Tampa Bay Rays,2
717183,Chicago Cubs,0
717177,Baltimore Orioles,2
717177,Toronto Blue Jays,2
717176,Atlanta Braves,3
717174,St. Louis Cardinals,1
717173,Chicago Cubs,7
717173,Cincinnati Reds,1
717168,Texas Rangers,2
717172,Chicago Cubs,0
717170,New York Mets,2
717169,Colorado Rockies,1
717169,San Diego Padres,2
717167,Boston Red Sox,2
717167,Seattle Mariners,1
717180,Arizona Diamondbacks,3
717180,San Francisco Giants,2
717171,Los Angeles Dodgers,1
717171,Oakland Athletics,3
717165,Atlanta Braves,3
717166,Detroit Tigers,2
717162,Milwaukee Brewers,1
717163,Houston Astros,2
717158,San Diego Padres,5
717161,Boston Red Sox,1
717161,Seattle Mariners,1
717159,Miami Marlins,3
717159,Philadelphia Phillies,1
717160,New York Yankees,2
717160,Tampa Bay Rays,1
717157,Chicago Cubs,0
717155,Minnesota Twins,1
717155,St. Louis Cardinals,4
717153,Chicago Cubs,5
717153,Cincinnati Reds,4
717152,Chicago White Sox,1
717152,Texas Rangers,3
717156,Kansas City Royals,1
717164,Chicago Cubs,0
717154,Los Angeles Dodgers,4
717154,Oakland Athletics,1
717147,Miami Marlins,1
717147,Philadelphia Phillies,1
717149,Texas Rangers,2
717148,Kansas City Royals,2
717148,New York Mets,1
717150,Chicago Cubs,0
717151,San Francisco Giants,1
717142,Houston Astros,1
717142,New York Yankees,2
717143,Milwaukee Brewers,2
717145,Minnesota Twins,2
717145,St. Louis Cardinals,1
717146,Cincinnati Reds,2
717144,Los Angeles Angels,1
717144,Seattle Mariners,2
717137,Los Angeles Dodgers,1
717137,Oakland Athletics,2
717141,Atlanta Braves,3
717139,Cincinnati Reds,3
717139,Washington Nationals,3
717135,Tampa Bay Rays,1
717134,Baltimore Orioles,1
717140,Kansas City Royals,2
717140,Philadelphia Phillies,1
717138,Houston Astros,2
717138,New York Yankees,3
717136,Boston Red Sox,2
717136,Toronto Blue Jays,5
717132,Cleveland Guardians,1
717133,Miami Marlins,1
717133,Texas Rangers,3
717128,Arizona Diamondbacks,1
717128,Minnesota Twins,3
717131,Milwaukee Brewers,1
717131,Pittsburgh Pirates,4
717127,St. Louis Cardinals,3
717130,Los Angeles Angels,3
717130,Seattle Mariners,4
717129,Los Angeles Dodgers,1
717129,San Diego Padres,1
717126,Houston Astros,1
717126,New York Yankees,2
717122,Detroit Tigers,1
717121,Atlanta Braves,2
717121,Chicago Cubs,3
717124,Miami Marlins,2
717124,Texas Rangers,3
717120,Cincinnati Reds,1
717125,Boston Red Sox,1
717125,Toronto Blue Jays,1
717123,Kansas City Royals,2
717123,Philadelphia Phillies,3
717114,Baltimore Orioles,2
717114,New York Mets,1
717117,Oakland Athletics,1
717118,Arizona Diamondbacks,1
717118,Minnesota Twins,4
717115,Chicago White Sox,4
717116,Chicago Cubs,0
717119,Colorado Rockies,1
717119,St. Louis Cardinals,1
717112,Los Angeles Dodgers,1
717112,San Diego Padres,1
717109,Los Angeles Angels,1
717108,Cleveland Guardians,1
717107,Chicago Cubs,0
717111,Boston Red Sox,1
717111,Toronto Blue Jays,1
717113,Kansas City Royals,1
717113,Philadelphia Phillies,3
717110,Houston Astros,4
717110,New York Yankees,1
717104,Cincinnati Reds,2
717104,Washington Nationals,2
717103,Detroit Tigers,1
717103,Tampa Bay Rays,3
717106,Arizona Diamondbacks,1
717106,Minnesota Twins,2
717105,Pittsburgh Pirates,3
717099,Chicago Cubs,0
717098,Atlanta Braves,1
717102,Texas Rangers,4
717101,Los Angeles Angels,1
717101,Seattle Mariners,2
717100,Oakland Athletics,2
717093,Los Angeles Dodgers,3
717093,San Diego Padres,2
717094,Los Angeles Dodgers,2
717094,San Diego Padres,2
717091,Detroit Tigers,1
717091,Minnesota Twins,2
717097,Cincinnati Reds,2
717097,Miami Marlins,2
717095,Atlanta Braves,1
717095,Pittsburgh Pirates,1
717089,Boston Red Sox,1
717092,New York Mets,3
717087,Toronto Blue Jays,1
717088,Chicago White Sox,1
717086,Colorado Rockies,1
717086,Milwaukee Brewers,3
717090,San Francisco Giants,1
717081,Chicago Cubs,0
717096,Philadelphia Phillies,1
717096,Washington Nationals,3
717082,Philadelphia Phillies,4
717082,Washington Nationals,2
717096,Philadelphia Phillies,1
717096,Washington Nationals,3
717085,St. Louis Cardinals,2
717085,Tampa Bay Rays,1
717076,Detroit Tigers,1
717083,Miami Marlins,1
717084,Baltimore Orioles,2
717084,Houston Astros,1
717079,Atlanta Braves,2
717079,Pittsburgh Pirates,4
717077,Boston Red Sox,1
717077,Kansas City Royals,3
717080,Chicago Cubs,2
717080,New York Mets,1
717074,Chicago Cubs,0
717075,Chicago White Sox,1
717075,New York Yankees,2
717078,Colorado Rockies,3
717078,Milwaukee Brewers,2
717068,Los Angeles Angels,1
717068,San Francisco Giants,1
717073,Chicago Cubs,0
717072,Chicago Cubs,0
717069,Oakland Athletics,1
717069,Texas Rangers,1
717070,Cincinnati Reds,2
717070,Miami Marlins,3
717065,Colorado Rockies,1
717065,Milwaukee Brewers,2
717063,Oakland Athletics,1
717064,St. Louis Cardinals,1
717064,Tampa Bay Rays,3
717061,Detroit Tigers,2
717061,Minnesota Twins,2
717066,Philadelphia Phillies,3
717067,Baltimore Orioles,1
717067,Houston Astros,1
717058,Pittsburgh Pirates,1
717059,Boston Red Sox,1
717059,Kansas City Royals,3
717062,Chicago Cubs,2
717062,New York Mets,2
717060,Toronto Blue Jays,1
717054,Chicago White Sox,1
717054,New York Yankees,1
717071,Los Angeles Angels,1
717057,Chicago Cubs,0
717055,Seattle Mariners,1
