game_pk,date,away_team,home_team
718780,2023-03-30,Atlanta Braves,Washington Nationals
718781,2023-03-30,San Francisco Giants,New York Yankees
718782,2023-03-30,Baltimore Orioles,Boston Red Sox
718777,2023-03-30,Milwaukee Brewers,Chicago Cubs
718776,2023-03-30,Detroit Tigers,Tampa Bay Rays
718779,2023-03-30,Philadelphia Phillies,Texas Rangers
718773,2023-03-30,Pittsburgh Pirates,Cincinnati Reds
718772,2023-03-30,Toronto Blue Jays,St. Louis Cardinals
718775,2023-03-30,Minnesota Twins,Kansas City Royals
718774,2023-03-30,New York Mets,Miami Marlins
718768,2023-03-30,Chicago White Sox,Houston Astros
718778,2023-03-30,Colorado Rockies,San Diego Padres
718769,2023-03-30,Los Angeles Angels,Oakland Athletics
718770,2023-03-30,Arizona Diamondbacks,Los Angeles Dodgers
718767,2023-03-30,Cleveland Guardians,Seattle Mariners
718771,2023-03-31,New York Mets,Miami Marlins
718764,2023-03-31,Chicago White Sox,Houston Astros
718766,2023-03-31,Colorado Rockies,San Diego Padres
718765,2023-03-31,Arizona Diamondbacks,Los Angeles Dodgers
718763,2023-03-31,Cleveland Guardians,Seattle Mariners
718760,2023-04-01,Chicago White Sox,Houston Astros
718759,2023-04-01,Toronto Blue Jays,St. Louis Cardinals
718758,2023-04-01,Milwaukee Brewers,Chicago Cubs
718752,2023-04-01,Philadelphia Phillies,Texas Rangers
718753,2023-04-01,Atlanta Braves,Washington Nationals
718762,2023-04-01,San Francisco Giants,New York Yankees
718757,2023-04-01,Los Angeles Angels,Oakland Athletics
718761,2023-04-01,Baltimore Orioles,Boston Red Sox
718756,2023-04-01,Pittsburgh Pirates,Cincinnati Reds
718754,2023-04-01,Detroit Tigers,Tampa Bay Rays
718751,2023-04-01,Minnesota Twins,Kansas City Royals
718755,2023-04-01,New York Mets,Miami Marlins
718750,2023-04-01,Colorado Rockies,San Diego Padres
718749,2023-04-01,Arizona Diamondbacks,Los Angeles Dodgers
718746,2023-04-01,Cleveland Guardians,Seattle Mariners
718742,2023-04-02,Detroit Tigers,Tampa Bay Rays
718748,2023-04-02,Baltimore Orioles,Boston Red Sox
718743,2023-04-02,Atlanta Braves,Washington Nationals
718747,2023-04-02,San Francisco Giants,New York Yankees
718744,2023-04-02,Pittsburgh Pirates,Cincinnati Reds
718741,2023-04-02,New York Mets,Miami Marlins
718745,2023-04-02,Minnesota Twins,Kansas City Royals
718740,2023-04-02,Chicago White Sox,Houston Astros
718737,2023-04-02,Toronto Blue Jays,St. Louis Cardinals
718738,2023-04-02,Milwaukee Brewers,Chicago Cubs
718734,2023-04-02,Los Angeles Angels,Oakland Athletics
718736,2023-04-02,Arizona Diamondbacks,Los Angeles Dodgers
718733,2023-04-02,Colorado Rockies,San Diego Padres
718735,2023-04-02,Cleveland Guardians,Seattle Mariners
718739,2023-04-02,Philadelphia Phillies,Texas Rangers
718731,2023-04-03,New York Mets,Milwaukee Brewers
718730,2023-04-03,San Francisco Giants,Chicago White Sox
718728,2023-04-03,Chicago Cubs,Cincinnati Reds
718729,2023-04-03,Minnesota Twins,Miami Marlins
718732,2023-04-03,Tampa Bay Rays,Washington Nationals
718725,2023-04-03,Philadelphia Phillies,New York Yankees
718724,2023-04-03,Pittsburgh Pirates,Boston Red Sox
718719,2023-04-03,Toronto Blue Jays,Kansas City Royals
718727,2023-04-03,Atlanta Braves,St. Louis Cardinals
718726,2023-04-03,Baltimore Orioles,Texas Rangers
718723,2023-04-03,Detroit Tigers,Houston Astros
718721,2023-04-03,Cleveland Guardians,Oakland Athletics
718722,2023-04-03,Arizona Diamondbacks,San Diego Padres
718720,2023-04-03,Los Angeles Angels,Seattle Mariners
718718,2023-04-03,Colorado Rockies,Los Angeles Dodgers
718717,2023-04-04,Arizona Diamondbacks,San Diego Padres
718716,2023-04-04,Chicago Cubs,Cincinnati Reds
718714,2023-04-04,Minnesota Twins,Miami Marlins
718715,2023-04-04,Tampa Bay Rays,Washington Nationals
718710,2023-04-04,Philadelphia Phillies,New York Yankees
718713,2023-04-04,Pittsburgh Pirates,Boston Red Sox
718708,2023-04-04,Toronto Blue Jays,Kansas City Royals
718712,2023-04-04,New York Mets,Milwaukee Brewers
718711,2023-04-04,Atlanta Braves,St. Louis Cardinals
718709,2023-04-04,Baltimore Orioles,Texas Rangers
718705,2023-04-04,Detroit Tigers,Houston Astros
718707,2023-04-04,Cleveland Guardians,Oakland Athletics
718706,2023-04-04,Los Angeles Angels,Seattle Mariners
718703,2023-04-04,Colorado Rockies,Los Angeles Dodgers
718704,2023-04-05,Tampa Bay Rays,Washington Nationals
718699,2023-04-05,Philadelphia Phillies,New York Yankees
718701,2023-04-05,Minnesota Twins,Miami Marlins
718697,2023-04-05,Atlanta Braves,St. Louis Cardinals
718702,2023-04-05,Pittsburgh Pirates,Boston Red Sox
718698,2023-04-05,New York Mets,Milwaukee Brewers
718694,2023-04-05,Baltimore Orioles,Texas Rangers
718696,2023-04-05,Detroit Tigers,Houston Astros
718695,2023-04-05,San Francisco Giants,Chicago White Sox
718689,2023-04-05,Cleveland Guardians,Oakland Athletics
718691,2023-04-05,Los Angeles Angels,Seattle Mariners
718692,2023-04-05,Toronto Blue Jays,Kansas City Royals
718700,2023-09-01,Chicago Cubs,Cincinnati Reds
718690,2023-04-06,Boston Red Sox,Detroit Tigers
718686,2023-04-06,Toronto Blue Jays,Kansas City Royals
718687,2023-04-06,San Francisco Giants,Chicago White Sox
718682,2023-04-06,Washington Nationals,Colorado Rockies
718681,2023-04-06,San Diego Padres,Atlanta Braves
718683,2023-04-06,Los Angeles Dodgers,Arizona Diamondbacks
718693,2023-04-07,Miami Marlins,New York Mets
718685,2023-04-07,Cincinnati Reds,Philadelphia Phillies
718688,2023-04-07,New York Yankees,Baltimore Orioles
718684,2023-04-07,Houston Astros,Minnesota Twins
718693,2023-04-07,Miami Marlins,New York Mets
718675,2023-04-07,Texas Rangers,Chicago Cubs
718685,2023-04-07,Cincinnati Reds,Philadelphia Phillies
718688,2023-04-07,New York Yankees,Baltimore Orioles
718677,2023-04-07,Seattle Mariners,Cleveland Guardians
718684,2023-04-07,Houston Astros,Minnesota Twins
718679,2023-04-07,Chicago White Sox,Pittsburgh Pirates
718680,2023-04-07,Kansas City Royals,San Francisco Giants
718678,2023-04-07,Oakland Athletics,Tampa Bay Rays
718676,2023-04-07,San Diego Padres,Atlanta Braves
718674,2023-04-07,St. Louis Cardinals,Milwaukee Brewers
718673,2023-04-07,Washington Nationals,Colorado Rockies
718670,2023-04-07,Toronto Blue Jays,Los Angeles Angels
718671,2023-04-07,Los Angeles Dodgers,Arizona Diamondbacks
718666,2023-04-08,Houston Astros,Minnesota Twins
718672,2023-04-08,Kansas City Royals,San Francisco Giants
718669,2023-04-08,Texas Rangers,Chicago Cubs
718668,2023-04-08,Cincinnati Reds,Philadelphia Phillies
718667,2023-04-08,Boston Red Sox,Detroit Tigers
718665,2023-04-08,Oakland Athletics,Tampa Bay Rays
718661,2023-04-08,Miami Marlins,New York Mets
718663,2023-04-08,Seattle Mariners,Cleveland Guardians
718662,2023-04-08,Chicago White Sox,Pittsburgh Pirates
718664,2023-04-08,New York Yankees,Baltimore Orioles
718660,2023-04-08,St. Louis Cardinals,Milwaukee Brewers
718659,2023-04-08,San Diego Padres,Atlanta Braves
718656,2023-04-08,Los Angeles Dodgers,Arizona Diamondbacks
718658,2023-04-08,Washington Nationals,Colorado Rockies
718657,2023-04-08,Toronto Blue Jays,Los Angeles Angels
718652,2023-04-09,Cincinnati Reds,Philadelphia Phillies
718654,2023-04-09,Boston Red Sox,Detroit Tigers
718655,2023-04-09,Oakland Athletics,Tampa Bay Rays
718653,2023-04-09,Chicago White Sox,Pittsburgh Pirates
718651,2023-04-09,New York Yankees,Baltimore Orioles
718646,2023-04-09,Seattle Mariners,Cleveland Guardians
718647,2023-04-09,Miami Marlins,New York Mets
718649,2023-04-09,Houston Astros,Minnesota Twins
718650,2023-04-09,St. Louis Cardinals,Milwaukee Brewers
718642,2023-04-09,Texas Rangers,Chicago Cubs
718645,2023-04-09,Washington Nationals,Colorado Rockies
718643,2023-04-09,Kansas City Royals,San Francisco Giants
718644,2023-04-09,Toronto Blue Jays,Los Angeles Angels
718639,2023-04-09,Los Angeles Dodgers,Arizona Diamondbacks
718648,2023-04-09,San Diego Padres,Atlanta Braves
718640,2023-04-10,Chicago White Sox,Minnesota Twins
718637,2023-04-10,New York Yankees,Cleveland Guardians
718635,2023-04-10,Oakland Athletics,Baltimore Orioles
718632,2023-04-10,Houston Astros,Pittsburgh Pirates
718638,2023-04-10,Boston Red Sox,Tampa Bay Rays
718633,2023-04-10,Miami Marlins,Philadelphia Phillies
718634,2023-04-10,San Diego Padres,New York Mets
718636,2023-04-10,Cincinnati Reds,Atlanta Braves
718628,2023-04-10,Seattle Mariners,Chicago Cubs
718630,2023-04-10,Kansas City Royals,Texas Rangers
718629,2023-04-10,St. Louis Cardinals,Colorado Rockies
718631,2023-04-10,Washington Nationals,Los Angeles Angels
718627,2023-04-10,Milwaukee Brewers,Arizona Diamondbacks
718641,2023-04-10,Los Angeles Dodgers,San Francisco Giants
718626,2023-04-11,New York Yankees,Cleveland Guardians
718618,2023-04-11,Oakland Athletics,Baltimore Orioles
718623,2023-04-11,Houston Astros,Pittsburgh Pirates
718625,2023-04-11,Boston Red Sox,Tampa Bay Rays
718619,2023-04-11,Miami Marlins,Philadelphia Phillies
718622,2023-04-11,Detroit Tigers,Toronto Blue Jays
718621,2023-04-11,San Diego Padres,New York Mets
718620,2023-04-11,Cincinnati Reds,Atlanta Braves
718617,2023-04-11,Seattle Mariners,Chicago Cubs
718616,2023-04-11,Chicago White Sox,Minnesota Twins
718615,2023-04-11,Kansas City Royals,Texas Rangers
718613,2023-04-11,St. Louis Cardinals,Colorado Rockies
718614,2023-04-11,Washington Nationals,Los Angeles Angels
718611,2023-04-11,Milwaukee Brewers,Arizona Diamondbacks
718624,2023-04-11,Los Angeles Dodgers,San Francisco Giants
718608,2023-04-12,Houston Astros,Pittsburgh Pirates
718610,2023-04-12,San Diego Padres,New York Mets
718605,2023-04-12,Chicago White Sox,Minnesota Twins
718604,2023-04-12,New York Yankees,Cleveland Guardians
718606,2023-04-12,Seattle Mariners,Chicago Cubs
718607,2023-04-12,St. Louis Cardinals,Colorado Rockies
718598,2023-04-12,Milwaukee Brewers,Arizona Diamondbacks
718609,2023-04-12,Miami Marlins,Philadelphia Phillies
718602,2023-04-12,Washington Nationals,Los Angeles Angels
718599,2023-04-12,Oakland Athletics,Baltimore Orioles
718600,2023-04-12,Boston Red Sox,Tampa Bay Rays
718603,2023-04-12,Detroit Tigers,Toronto Blue Jays
718601,2023-04-12,Cincinnati Reds,Atlanta Braves
718595,2023-04-12,Kansas City Royals,Texas Rangers
718612,2023-04-12,Los Angeles Dodgers,San Francisco Giants
718596,2023-04-13,Oakland Athletics,Baltimore Orioles
718594,2023-04-13,Boston Red Sox,Tampa Bay Rays
718597,2023-04-13,Philadelphia Phillies,Cincinnati Reds
718590,2023-04-13,Minnesota Twins,New York Yankees
718593,2023-04-13,Detroit Tigers,Toronto Blue Jays
718591,2023-04-13,Pittsburgh Pirates,St. Louis Cardinals
718589,2023-04-13,Milwaukee Brewers,San Diego Padres
718585,2023-04-14,San Francisco Giants,Detroit Tigers
718586,2023-04-14,Philadelphia Phillies,Cincinnati Reds
718584,2023-04-14,Arizona Diamondbacks,Miami Marlins
718592,2023-04-14,Cleveland Guardians,Washington Nationals
718588,2023-04-14,Minnesota Twins,New York Yankees
718587,2023-04-14,Tampa Bay Rays,Toronto Blue Jays
718580,2023-04-14,Los Angeles Angels,Boston Red Sox
718583,2023-04-14,Baltimore Orioles,Chicago White Sox
718581,2023-04-14,Texas Rangers,Houston Astros
718579,2023-04-14,Atlanta Braves,Kansas City Royals
718582,2023-04-14,Pittsburgh Pirates,St. Louis Cardinals
718578,2023-04-14,New York Mets,Oakland Athletics
718574,2023-04-14,Milwaukee Brewers,San Diego Padres
718575,2023-04-14,Chicago Cubs,Los Angeles Dodgers
718577,2023-04-14,Colorado Rockies,Seattle Mariners
718572,2023-04-15,Minnesota Twins,New York Yankees
718571,2023-04-15,San Francisco Giants,Detroit Tigers
718570,2023-04-15,Baltimore Orioles,Chicago White Sox
718568,2023-04-15,Pittsburgh Pirates,St. Louis Cardinals
718569,2023-04-15,Tampa Bay Rays,Toronto Blue Jays
718573,2023-04-15,Cleveland Guardians,Washington Nationals
718560,2023-04-15,Milwaukee Brewers,San Diego Padres
718565,2023-04-15,New York Mets,Oakland Athletics
718576,2023-04-15,Los Angeles Angels,Boston Red Sox
718566,2023-04-15,Philadelphia Phillies,Cincinnati Reds
718563,2023-04-15,Atlanta Braves,Kansas City Royals
718567,2023-04-15,Arizona Diamondbacks,Miami Marlins
718562,2023-04-15,Texas Rangers,Houston Astros
718564,2023-04-15,Chicago Cubs,Los Angeles Dodgers
718561,2023-04-15,Colorado Rockies,Seattle Mariners
718559,2023-04-16,Los Angeles Angels,Boston Red Sox
718555,2023-04-16,Cleveland Guardians,Washington Nationals
718557,2023-04-16,Minnesota Twins,New York Yankees
718556,2023-04-16,Tampa Bay Rays,Toronto Blue Jays
718554,2023-04-16,Philadelphia Phillies,Cincinnati Reds
718550,2023-04-16,Arizona Diamondbacks,Miami Marlins
718551,2023-04-16,Atlanta Braves,Kansas City Royals
718553,2023-04-16,Baltimore Orioles,Chicago White Sox
718548,2023-04-16,Pittsburgh Pirates,St. Louis Cardinals
718546,2023-04-16,New York Mets,Oakland Athletics
718547,2023-04-16,Chicago Cubs,Los Angeles Dodgers
718545,2023-04-16,Colorado Rockies,Seattle Mariners
718549,2023-04-16,Milwaukee Brewers,San Diego Padres
718552,2023-04-16,Texas Rangers,Houston Astros
718558,2023-07-24,San Francisco Giants,Detroit Tigers
718540,2023-04-17,Los Angeles Angels,Boston Red Sox
718542,2023-04-17,Tampa Bay Rays,Cincinnati Reds
718544,2023-04-17,San Francisco Giants,Miami Marlins
718539,2023-04-17,Texas Rangers,Kansas City Royals
718538,2023-04-17,Arizona Diamondbacks,St. Louis Cardinals
718537,2023-04-17,Toronto Blue Jays,Houston Astros
718535,2023-04-17,Pittsburgh Pirates,Colorado Rockies
718536,2023-04-17,Chicago Cubs,Oakland Athletics
718533,2023-04-17,Atlanta Braves,San Diego Padres
718534,2023-04-17,Milwaukee Brewers,Seattle Mariners
718532,2023-04-17,New York Mets,Los Angeles Dodgers
718541,2023-04-18,Cleveland Guardians,Detroit Tigers
718543,2023-04-18,Philadelphia Phillies,Chicago White Sox
718530,2023-04-18,Cleveland Guardians,Detroit Tigers
718541,2023-04-18,Cleveland Guardians,Detroit Tigers
718525,2023-04-18,Philadelphia Phillies,Chicago White Sox
718543,2023-04-18,Philadelphia Phillies,Chicago White Sox
718526,2023-04-18,Tampa Bay Rays,Cincinnati Reds
718528,2023-04-18,San Francisco Giants,Miami Marlins
718531,2023-04-18,Baltimore Orioles,Washington Nationals
718529,2023-04-18,Los Angeles Angels,New York Yankees
718524,2023-04-18,Minnesota Twins,Boston Red Sox
718522,2023-04-18,Texas Rangers,Kansas City Royals
718527,2023-04-18,Arizona Diamondbacks,St. Louis Cardinals
718520,2023-04-18,Toronto Blue Jays,Houston Astros
718521,2023-04-18,Pittsburgh Pirates,Colorado Rockies
718523,2023-04-18,Chicago Cubs,Oakland Athletics
718519,2023-04-18,Atlanta Braves,San Diego Padres
718517,2023-04-18,Milwaukee Brewers,Seattle Mariners
718516,2023-04-18,New York Mets,Los Angeles Dodgers
718515,2023-04-19,Tampa Bay Rays,Cincinnati Reds
718513,2023-04-19,Cleveland Guardians,Detroit Tigers
718511,2023-04-19,San Francisco Giants,Miami Marlins
718512,2023-04-19,Arizona Diamondbacks,St. Louis Cardinals
718514,2023-04-19,Texas Rangers,Kansas City Royals
718510,2023-04-19,Philadelphia Phillies,Chicago White Sox
718508,2023-04-19,New York Mets,Los Angeles Dodgers
718509,2023-04-19,Pittsburgh Pirates,Colorado Rockies
718506,2023-04-19,Chicago Cubs,Oakland Athletics
718507,2023-04-19,Atlanta Braves,San Diego Padres
718502,2023-04-19,Milwaukee Brewers,Seattle Mariners
718518,2023-04-19,Baltimore Orioles,Washington Nationals
718504,2023-04-19,Los Angeles Angels,New York Yankees
718505,2023-04-19,Minnesota Twins,Boston Red Sox
718501,2023-04-19,Toronto Blue Jays,Houston Astros
718497,2023-04-20,Minnesota Twins,Boston Red Sox
718496,2023-04-20,Los Angeles Angels,New York Yankees
718500,2023-04-20,Cincinnati Reds,Pittsburgh Pirates
718498,2023-04-20,Colorado Rockies,Philadelphia Phillies
718499,2023-04-20,Los Angeles Dodgers,Chicago Cubs
718494,2023-04-20,San Diego Padres,Arizona Diamondbacks
718503,2023-04-20,New York Mets,San Francisco Giants
718491,2023-04-21,Los Angeles Dodgers,Chicago Cubs
718492,2023-04-21,Cincinnati Reds,Pittsburgh Pirates
718486,2023-04-21,Chicago White Sox,Tampa Bay Rays
718495,2023-04-21,Detroit Tigers,Baltimore Orioles
718493,2023-04-21,Colorado Rockies,Philadelphia Phillies
718487,2023-04-21,Toronto Blue Jays,New York Yankees
718489,2023-04-21,Houston Astros,Atlanta Braves
718490,2023-04-21,Oakland Athletics,Texas Rangers
718482,2023-04-21,Washington Nationals,Minnesota Twins
718483,2023-04-21,Boston Red Sox,Milwaukee Brewers
718485,2023-04-21,Kansas City Royals,Los Angeles Angels
718484,2023-04-21,San Diego Padres,Arizona Diamondbacks
718481,2023-04-21,St. Louis Cardinals,Seattle Mariners
718480,2023-04-21,New York Mets,San Francisco Giants
718488,2023-04-22,Miami Marlins,Cleveland Guardians
718476,2023-04-22,Toronto Blue Jays,New York Yankees
718468,2023-04-22,Washington Nationals,Minnesota Twins
718479,2023-04-22,Los Angeles Dodgers,Chicago Cubs
718475,2023-04-22,Colorado Rockies,Philadelphia Phillies
718473,2023-04-22,Miami Marlins,Cleveland Guardians
718488,2023-04-22,Miami Marlins,Cleveland Guardians
718478,2023-04-22,New York Mets,San Francisco Giants
718477,2023-04-22,Chicago White Sox,Tampa Bay Rays
718474,2023-04-22,Cincinnati Reds,Pittsburgh Pirates
718472,2023-04-22,Detroit Tigers,Baltimore Orioles
718469,2023-04-22,Oakland Athletics,Texas Rangers
718470,2023-04-22,Boston Red Sox,Milwaukee Brewers
718471,2023-04-22,Houston Astros,Atlanta Braves
718467,2023-04-22,San Diego Padres,Arizona Diamondbacks
718466,2023-04-22,Kansas City Royals,Los Angeles Angels
718464,2023-04-22,St. Louis Cardinals,Seattle Mariners
718458,2023-04-23,Colorado Rockies,Philadelphia Phillies
718459,2023-04-23,Detroit Tigers,Baltimore Orioles
718463,2023-04-23,Cincinnati Reds,Pittsburgh Pirates
718462,2023-04-23,Houston Astros,Atlanta Braves
718465,2023-04-23,Toronto Blue Jays,New York Yankees
718457,2023-04-23,Chicago White Sox,Tampa Bay Rays
718460,2023-04-23,Miami Marlins,Cleveland Guardians
718454,2023-04-23,Washington Nationals,Minnesota Twins
718461,2023-04-23,Boston Red Sox,Milwaukee Brewers
718451,2023-04-23,Los Angeles Dodgers,Chicago Cubs
718453,2023-04-23,Oakland Athletics,Texas Rangers
718452,2023-04-23,Kansas City Royals,Los Angeles Angels
718456,2023-04-23,San Diego Padres,Arizona Diamondbacks
718450,2023-04-23,St. Louis Cardinals,Seattle Mariners
718455,2023-04-23,New York Mets,San Francisco Giants
718448,2023-04-24,Colorado Rockies,Cleveland Guardians
718447,2023-04-24,Boston Red Sox,Baltimore Orioles
718449,2023-04-24,Houston Astros,Tampa Bay Rays
718445,2023-04-24,Texas Rangers,Cincinnati Reds
718444,2023-04-24,Chicago White Sox,Toronto Blue Jays
718443,2023-04-24,Miami Marlins,Atlanta Braves
718442,2023-04-24,New York Yankees,Minnesota Twins
718441,2023-04-24,Detroit Tigers,Milwaukee Brewers
718437,2023-04-24,Oakland Athletics,Los Angeles Angels
718438,2023-04-24,Kansas City Royals,Arizona Diamondbacks
718446,2023-04-24,St. Louis Cardinals,San Francisco Giants
718440,2023-04-25,Colorado Rockies,Cleveland Guardians
718435,2023-04-25,Boston Red Sox,Baltimore Orioles
718432,2023-04-25,Los Angeles Dodgers,Pittsburgh Pirates
718436,2023-04-25,Houston Astros,Tampa Bay Rays
718434,2023-04-25,Texas Rangers,Cincinnati Reds
718430,2023-04-25,Seattle Mariners,Philadelphia Phillies
718433,2023-04-25,Chicago White Sox,Toronto Blue Jays
718431,2023-04-25,Washington Nationals,New York Mets
718429,2023-04-25,Miami Marlins,Atlanta Braves
718426,2023-04-25,San Diego Padres,Chicago Cubs
718427,2023-04-25,New York Yankees,Minnesota Twins
718428,2023-04-25,Detroit Tigers,Milwaukee Brewers
718425,2023-04-25,Oakland Athletics,Los Angeles Angels
718422,2023-04-25,Kansas City Royals,Arizona Diamondbacks
718439,2023-04-25,St. Louis Cardinals,San Francisco Giants
718424,2023-04-26,Texas Rangers,Cincinnati Reds
718416,2023-04-26,Boston Red Sox,Baltimore Orioles
718420,2023-04-26,Chicago White Sox,Toronto Blue Jays
718421,2023-04-26,Colorado Rockies,Cleveland Guardians
718417,2023-04-26,New York Yankees,Minnesota Twins
718419,2023-04-26,Detroit Tigers,Milwaukee Brewers
718418,2023-04-26,Kansas City Royals,Arizona Diamondbacks
718413,2023-04-26,Los Angeles Dodgers,Pittsburgh Pirates
718414,2023-04-26,Houston Astros,Tampa Bay Rays
718415,2023-04-26,Seattle Mariners,Philadelphia Phillies
718412,2023-04-26,Washington Nationals,New York Mets
718411,2023-04-26,Miami Marlins,Atlanta Braves
718407,2023-04-26,San Diego Padres,Chicago Cubs
718408,2023-04-26,Oakland Athletics,Los Angeles Angels
718423,2023-04-26,St. Louis Cardinals,San Francisco Giants
718410,2023-04-27,Miami Marlins,Atlanta Braves
718403,2023-04-27,Los Angeles Dodgers,Pittsburgh Pirates
718404,2023-04-27,Seattle Mariners,Philadelphia Phillies
718406,2023-04-27,San Diego Padres,Chicago Cubs
718409,2023-04-27,St. Louis Cardinals,San Francisco Giants
718402,2023-04-27,Oakland Athletics,Los Angeles Angels
718405,2023-04-27,Baltimore Orioles,Detroit Tigers
718398,2023-04-27,Washington Nationals,New York Mets
718396,2023-04-27,Tampa Bay Rays,Chicago White Sox
718400,2023-04-27,Kansas City Royals,Minnesota Twins
718397,2023-04-27,New York Yankees,Texas Rangers
718387,2023-04-28,Kansas City Royals,Minnesota Twins
718391,2023-04-28,Chicago Cubs,Miami Marlins
718392,2023-04-28,Seattle Mariners,Toronto Blue Jays
718395,2023-04-28,Cleveland Guardians,Boston Red Sox
718394,2023-04-28,Atlanta Braves,New York Mets
718393,2023-04-28,Tampa Bay Rays,Chicago White Sox
718388,2023-04-28,New York Yankees,Texas Rangers
718389,2023-04-28,Philadelphia Phillies,Houston Astros
718386,2023-04-28,Los Angeles Angels,Milwaukee Brewers
718390,2023-04-28,Arizona Diamondbacks,Colorado Rockies
718380,2023-04-28,Cincinnati Reds,Oakland Athletics
718382,2023-04-28,St. Louis Cardinals,Los Angeles Dodgers
718401,2023-04-29,Baltimore Orioles,Detroit Tigers
718399,2023-04-29,Pittsburgh Pirates,Washington Nationals
718381,2023-04-29,Baltimore Orioles,Detroit Tigers
718401,2023-04-29,Baltimore Orioles,Detroit Tigers
718383,2023-04-29,Pittsburgh Pirates,Washington Nationals
718399,2023-04-29,Pittsburgh Pirates,Washington Nationals
718378,2023-04-29,Kansas City Royals,Minnesota Twins
718379,2023-04-29,Seattle Mariners,Toronto Blue Jays
718375,2023-04-29,Chicago Cubs,Miami Marlins
718377,2023-04-29,Cincinnati Reds,Oakland Athletics
718385,2023-04-29,Cleveland Guardians,Boston Red Sox
718372,2023-04-29,Philadelphia Phillies,Houston Astros
718384,2023-04-29,San Francisco Giants,San Diego Padres
718374,2023-04-29,New York Yankees,Texas Rangers
718373,2023-04-29,Tampa Bay Rays,Chicago White Sox
718376,2023-04-29,Los Angeles Angels,Milwaukee Brewers
718366,2023-04-29,Arizona Diamondbacks,Colorado Rockies
718369,2023-04-29,St. Louis Cardinals,Los Angeles Dodgers
718371,2023-08-12,Atlanta Braves,New York Mets
718364,2023-04-30,Chicago Cubs,Miami Marlins
718370,2023-04-30,Cleveland Guardians,Boston Red Sox
718367,2023-04-30,Pittsburgh Pirates,Washington Nationals
718363,2023-04-30,Seattle Mariners,Toronto Blue Jays
718360,2023-04-30,Baltimore Orioles,Detroit Tigers
718362,2023-04-30,Kansas City Royals,Minnesota Twins
718355,2023-04-30,Tampa Bay Rays,Chicago White Sox
718365,2023-04-30,Los Angeles Angels,Milwaukee Brewers
718356,2023-04-30,New York Yankees,Texas Rangers
718358,2023-04-30,Arizona Diamondbacks,Colorado Rockies
718368,2023-04-30,San Francisco Giants,San Diego Padres
718357,2023-04-30,Cincinnati Reds,Oakland Athletics
718359,2023-04-30,St. Louis Cardinals,Los Angeles Dodgers
718354,2023-04-30,Philadelphia Phillies,Houston Astros
718361,2023-05-01,Atlanta Braves,New York Mets
718352,2023-05-01,Atlanta Braves,New York Mets
718361,2023-05-01,Atlanta Braves,New York Mets
718349,2023-05-01,Chicago Cubs,Washington Nationals
718351,2023-05-01,Cleveland Guardians,New York Yankees
718353,2023-05-01,Toronto Blue Jays,Boston Red Sox
718350,2023-05-01,San Francisco Giants,Houston Astros
718345,2023-05-01,Cincinnati Reds,San Diego Padres
718343,2023-05-01,Philadelphia Phillies,Los Angeles Dodgers
718347,2023-05-02,Pittsburgh Pirates,Tampa Bay Rays
718346,2023-05-02,Atlanta Braves,Miami Marlins
718344,2023-05-02,Chicago Cubs,Washington Nationals
718339,2023-05-02,Cleveland Guardians,New York Yankees
718341,2023-05-02,Toronto Blue Jays,Boston Red Sox
718340,2023-05-02,Minnesota Twins,Chicago White Sox
718336,2023-05-02,Baltimore Orioles,Kansas City Royals
718338,2023-05-02,Los Angeles Angels,St. Louis Cardinals
718342,2023-05-02,Arizona Diamondbacks,Texas Rangers
718337,2023-05-02,San Francisco Giants,Houston Astros
718334,2023-05-02,Milwaukee Brewers,Colorado Rockies
718335,2023-05-02,Cincinnati Reds,San Diego Padres
718332,2023-05-02,Seattle Mariners,Oakland Athletics
718331,2023-05-02,Philadelphia Phillies,Los Angeles Dodgers
718348,2023-05-03,New York Mets,Detroit Tigers
718348,2023-05-03,New York Mets,Detroit Tigers
718329,2023-05-03,New York Mets,Detroit Tigers
718325,2023-05-03,Arizona Diamondbacks,Texas Rangers
718326,2023-05-03,San Francisco Giants,Houston Astros
718330,2023-05-03,Cincinnati Reds,San Diego Padres
718327,2023-05-03,Philadelphia Phillies,Los Angeles Dodgers
718328,2023-05-03,Pittsburgh Pirates,Tampa Bay Rays
718321,2023-05-03,Atlanta Braves,Miami Marlins
718333,2023-05-03,Chicago Cubs,Washington Nationals
718324,2023-05-03,Cleveland Guardians,New York Yankees
718323,2023-05-03,Toronto Blue Jays,Boston Red Sox
718322,2023-05-03,Minnesota Twins,Chicago White Sox
718314,2023-05-03,Baltimore Orioles,Kansas City Royals
718320,2023-05-03,Los Angeles Angels,St. Louis Cardinals
718315,2023-05-03,Milwaukee Brewers,Colorado Rockies
718319,2023-05-03,Seattle Mariners,Oakland Athletics
718317,2023-05-04,Chicago Cubs,Washington Nationals
718318,2023-05-04,New York Mets,Detroit Tigers
718309,2023-05-04,Pittsburgh Pirates,Tampa Bay Rays
718311,2023-05-04,Los Angeles Angels,St. Louis Cardinals
718312,2023-05-04,Baltimore Orioles,Kansas City Royals
718310,2023-05-04,Minnesota Twins,Chicago White Sox
718313,2023-05-04,Milwaukee Brewers,Colorado Rockies
718304,2023-05-04,Seattle Mariners,Oakland Athletics
718308,2023-05-04,Atlanta Braves,Miami Marlins
718316,2023-05-04,Toronto Blue Jays,Boston Red Sox
718303,2023-05-05,Miami Marlins,Chicago Cubs
718307,2023-05-05,Toronto Blue Jays,Pittsburgh Pirates
718305,2023-05-05,Chicago White Sox,Cincinnati Reds
718300,2023-05-05,New York Yankees,Tampa Bay Rays
718301,2023-05-05,Boston Red Sox,Philadelphia Phillies
718302,2023-05-05,Colorado Rockies,New York Mets
718306,2023-05-05,Minnesota Twins,Cleveland Guardians
718298,2023-05-05,Baltimore Orioles,Atlanta Braves
718299,2023-05-05,Oakland Athletics,Kansas City Royals
718292,2023-05-05,Detroit Tigers,St. Louis Cardinals
718294,2023-05-05,Texas Rangers,Los Angeles Angels
718296,2023-05-05,Washington Nationals,Arizona Diamondbacks
718295,2023-05-05,Los Angeles Dodgers,San Diego Padres
718297,2023-05-05,Houston Astros,Seattle Mariners
718293,2023-05-05,Milwaukee Brewers,San Francisco Giants
718288,2023-05-06,Detroit Tigers,St. Louis Cardinals
718289,2023-05-06,Miami Marlins,Chicago Cubs
718290,2023-05-06,Colorado Rockies,New York Mets
718291,2023-05-06,New York Yankees,Tampa Bay Rays
718285,2023-05-06,Minnesota Twins,Cleveland Guardians
718286,2023-05-06,Toronto Blue Jays,Pittsburgh Pirates
718281,2023-05-06,Chicago White Sox,Cincinnati Reds
718280,2023-05-06,Oakland Athletics,Kansas City Royals
718284,2023-05-06,Boston Red Sox,Philadelphia Phillies
718283,2023-05-06,Baltimore Orioles,Atlanta Braves
718287,2023-05-06,Milwaukee Brewers,San Francisco Giants
718282,2023-05-06,Washington Nationals,Arizona Diamondbacks
718279,2023-05-06,Los Angeles Dodgers,San Diego Padres
718275,2023-05-06,Texas Rangers,Los Angeles Angels
718274,2023-05-06,Houston Astros,Seattle Mariners
718277,2023-05-07,Baltimore Orioles,Atlanta Braves
718278,2023-05-07,Toronto Blue Jays,Pittsburgh Pirates
718270,2023-05-07,Boston Red Sox,Philadelphia Phillies
718276,2023-05-07,Colorado Rockies,New York Mets
718273,2023-05-07,Minnesota Twins,Cleveland Guardians
718271,2023-05-07,New York Yankees,Tampa Bay Rays
718268,2023-05-07,Oakland Athletics,Kansas City Royals
718272,2023-05-07,Detroit Tigers,St. Louis Cardinals
718269,2023-05-07,Miami Marlins,Chicago Cubs
718267,2023-05-07,Milwaukee Brewers,San Francisco Giants
718264,2023-05-07,Texas Rangers,Los Angeles Angels
718263,2023-05-07,Washington Nationals,Arizona Diamondbacks
718265,2023-05-07,Houston Astros,Seattle Mariners
718262,2023-05-07,Chicago White Sox,Cincinnati Reds
718266,2023-05-07,Los Angeles Dodgers,San Diego Padres
718261,2023-05-08,Detroit Tigers,Cleveland Guardians
718258,2023-05-08,Colorado Rockies,Pittsburgh Pirates
718259,2023-05-08,Tampa Bay Rays,Baltimore Orioles
718255,2023-05-08,Oakland Athletics,New York Yankees
718256,2023-05-08,St. Louis Cardinals,Chicago Cubs
718253,2023-05-08,Chicago White Sox,Kansas City Royals
718257,2023-05-08,Los Angeles Dodgers,Milwaukee Brewers
718254,2023-05-08,Houston Astros,Los Angeles Angels
718251,2023-05-08,Texas Rangers,Seattle Mariners
718249,2023-05-08,Miami Marlins,Arizona Diamondbacks
718260,2023-05-08,Washington Nationals,San Francisco Giants
718248,2023-05-09,Detroit Tigers,Cleveland Guardians
718252,2023-05-09,Colorado Rockies,Pittsburgh Pirates
718246,2023-05-09,Tampa Bay Rays,Baltimore Orioles
718243,2023-05-09,New York Mets,Cincinnati Reds
718244,2023-05-09,Toronto Blue Jays,Philadelphia Phillies
718247,2023-05-09,Oakland Athletics,New York Yankees
718245,2023-05-09,Boston Red Sox,Atlanta Braves
718240,2023-05-09,St. Louis Cardinals,Chicago Cubs
718242,2023-05-09,San Diego Padres,Minnesota Twins
718238,2023-05-09,Chicago White Sox,Kansas City Royals
718241,2023-05-09,Los Angeles Dodgers,Milwaukee Brewers
718237,2023-05-09,Houston Astros,Los Angeles Angels
718239,2023-05-09,Texas Rangers,Seattle Mariners
718236,2023-05-09,Miami Marlins,Arizona Diamondbacks
718250,2023-05-09,Washington Nationals,San Francisco Giants
718231,2023-05-10,Colorado Rockies,Pittsburgh Pirates
718232,2023-05-10,Oakland Athletics,New York Yankees
718234,2023-05-10,Detroit Tigers,Cleveland Guardians
718228,2023-05-10,Los Angeles Dodgers,Milwaukee Brewers
718229,2023-05-10,Texas Rangers,Seattle Mariners
718226,2023-05-10,Miami Marlins,Arizona Diamondbacks
718230,2023-05-10,Washington Nationals,San Francisco Giants
718233,2023-05-10,Toronto Blue Jays,Philadelphia Phillies
718235,2023-05-10,Houston Astros,Los Angeles Angels
718227,2023-05-10,Tampa Bay Rays,Baltimore Orioles
718225,2023-05-10,New York Mets,Cincinnati Reds
718220,2023-05-10,Boston Red Sox,Atlanta Braves
718221,2023-05-10,St. Louis Cardinals,Chicago Cubs
718224,2023-05-10,San Diego Padres,Minnesota Twins
718222,2023-05-10,Chicago White Sox,Kansas City Royals
718223,2023-05-11,New York Mets,Cincinnati Reds
718216,2023-05-11,San Diego Padres,Minnesota Twins
718218,2023-05-11,Chicago White Sox,Kansas City Royals
718219,2023-05-11,Tampa Bay Rays,New York Yankees
718215,2023-05-11,San Francisco Giants,Arizona Diamondbacks
718217,2023-05-11,Texas Rangers,Oakland Athletics
718208,2023-05-12,Seattle Mariners,Detroit Tigers
718212,2023-05-12,Cincinnati Reds,Miami Marlins
718214,2023-05-12,New York Mets,Washington Nationals
718213,2023-05-12,Pittsburgh Pirates,Baltimore Orioles
718210,2023-05-12,Tampa Bay Rays,New York Yankees
718206,2023-05-12,Atlanta Braves,Toronto Blue Jays
718205,2023-05-12,Los Angeles Angels,Cleveland Guardians
718211,2023-05-12,St. Louis Cardinals,Boston Red Sox
718209,2023-05-12,Chicago Cubs,Minnesota Twins
718207,2023-05-12,Houston Astros,Chicago White Sox
718204,2023-05-12,Kansas City Royals,Milwaukee Brewers
718202,2023-05-12,Philadelphia Phillies,Colorado Rockies
718199,2023-05-12,San Francisco Giants,Arizona Diamondbacks
718200,2023-05-12,Texas Rangers,Oakland Athletics
718201,2023-05-12,San Diego Padres,Los Angeles Dodgers
718197,2023-05-13,Tampa Bay Rays,New York Yankees
718194,2023-05-13,Seattle Mariners,Detroit Tigers
718198,2023-05-13,Cincinnati Reds,Miami Marlins
718195,2023-05-13,Chicago Cubs,Minnesota Twins
718192,2023-05-13,Atlanta Braves,Toronto Blue Jays
718203,2023-05-13,New York Mets,Washington Nationals
718190,2023-05-13,Texas Rangers,Oakland Athletics
718196,2023-05-13,St. Louis Cardinals,Boston Red Sox
718191,2023-05-13,Los Angeles Angels,Cleveland Guardians
718193,2023-05-13,Pittsburgh Pirates,Baltimore Orioles
718183,2023-05-13,Kansas City Royals,Milwaukee Brewers
718185,2023-05-13,San Diego Padres,Los Angeles Dodgers
718189,2023-05-13,Houston Astros,Chicago White Sox
718184,2023-05-13,San Francisco Giants,Arizona Diamondbacks
718188,2023-05-13,Philadelphia Phillies,Colorado Rockies
718182,2023-05-14,Los Angeles Angels,Cleveland Guardians
718203,2023-05-13,New York Mets,Washington Nationals
718179,2023-05-14,Pittsburgh Pirates,Baltimore Orioles
718180,2023-05-14,Tampa Bay Rays,New York Yankees
718181,2023-05-14,Atlanta Braves,Toronto Blue Jays
718173,2023-05-14,Seattle Mariners,Detroit Tigers
718178,2023-05-14,Cincinnati Reds,Miami Marlins
718175,2023-05-14,Chicago Cubs,Minnesota Twins
718176,2023-05-14,Houston Astros,Chicago White Sox
718177,2023-05-14,Kansas City Royals,Milwaukee Brewers
718174,2023-05-14,Philadelphia Phillies,Colorado Rockies
718172,2023-05-14,Texas Rangers,Oakland Athletics
718168,2023-05-14,San Diego Padres,Los Angeles Dodgers
718169,2023-05-14,San Francisco Giants,Arizona Diamondbacks
718186,2023-05-14,New York Mets,Washington Nationals
718187,2023-05-14,St. Louis Cardinals,Boston Red Sox
718167,2023-05-15,New York Mets,Washington Nationals
718171,2023-05-15,Los Angeles Angels,Baltimore Orioles
718164,2023-05-15,New York Yankees,Toronto Blue Jays
718163,2023-05-15,Seattle Mariners,Boston Red Sox
718166,2023-05-15,Milwaukee Brewers,St. Louis Cardinals
718165,2023-05-15,Atlanta Braves,Texas Rangers
718158,2023-05-15,Chicago Cubs,Houston Astros
718161,2023-05-15,Cincinnati Reds,Colorado Rockies
718160,2023-05-15,Arizona Diamondbacks,Oakland Athletics
718162,2023-05-15,Kansas City Royals,San Diego Padres
718170,2023-05-15,Philadelphia Phillies,San Francisco Giants
718159,2023-05-15,Minnesota Twins,Los Angeles Dodgers
718154,2023-05-16,Los Angeles Angels,Baltimore Orioles
718155,2023-05-16,Pittsburgh Pirates,Detroit Tigers
718153,2023-05-16,Washington Nationals,Miami Marlins
718157,2023-05-16,New York Yankees,Toronto Blue Jays
718149,2023-05-16,Seattle Mariners,Boston Red Sox
718150,2023-05-16,Tampa Bay Rays,New York Mets
718151,2023-05-16,Milwaukee Brewers,St. Louis Cardinals
718148,2023-05-16,Atlanta Braves,Texas Rangers
718152,2023-05-16,Chicago Cubs,Houston Astros
718147,2023-05-16,Cleveland Guardians,Chicago White Sox
718145,2023-05-16,Cincinnati Reds,Colorado Rockies
718146,2023-05-16,Arizona Diamondbacks,Oakland Athletics
718144,2023-05-16,Kansas City Royals,San Diego Padres
718156,2023-05-16,Philadelphia Phillies,San Francisco Giants
718141,2023-05-16,Minnesota Twins,Los Angeles Dodgers
718142,2023-05-17,Pittsburgh Pirates,Detroit Tigers
718138,2023-05-17,Cincinnati Reds,Colorado Rockies
718136,2023-05-17,Minnesota Twins,Los Angeles Dodgers
718139,2023-05-17,Arizona Diamondbacks,Oakland Athletics
718143,2023-05-17,Philadelphia Phillies,San Francisco Giants
718140,2023-05-17,Kansas City Royals,San Diego Padres
718137,2023-05-17,Los Angeles Angels,Baltimore Orioles
718132,2023-05-17,Washington Nationals,Miami Marlins
718134,2023-05-17,New York Yankees,Toronto Blue Jays
718133,2023-05-17,Seattle Mariners,Boston Red Sox
718135,2023-05-17,Tampa Bay Rays,New York Mets
718131,2023-05-17,Milwaukee Brewers,St. Louis Cardinals
718126,2023-05-17,Atlanta Braves,Texas Rangers
718127,2023-05-17,Chicago Cubs,Houston Astros
718129,2023-05-17,Cleveland Guardians,Chicago White Sox
718128,2023-05-18,Los Angeles Angels,Baltimore Orioles
718122,2023-05-18,Tampa Bay Rays,New York Mets
718130,2023-05-18,Washington Nationals,Miami Marlins
718125,2023-05-18,Cleveland Guardians,Chicago White Sox
718121,2023-05-18,New York Yankees,Toronto Blue Jays
718124,2023-05-18,Los Angeles Dodgers,St. Louis Cardinals
718118,2023-05-19,Arizona Diamondbacks,Pittsburgh Pirates
718120,2023-05-19,New York Yankees,Cincinnati Reds
718117,2023-05-19,Milwaukee Brewers,Tampa Bay Rays
718123,2023-05-19,Detroit Tigers,Washington Nationals
718116,2023-05-19,Chicago Cubs,Philadelphia Phillies
718115,2023-05-19,Baltimore Orioles,Toronto Blue Jays
718119,2023-05-19,Cleveland Guardians,New York Mets
718110,2023-05-19,Seattle Mariners,Atlanta Braves
718114,2023-05-19,Colorado Rockies,Texas Rangers
718112,2023-05-19,Oakland Athletics,Houston Astros
718111,2023-05-19,Kansas City Royals,Chicago White Sox
718113,2023-05-19,Los Angeles Dodgers,St. Louis Cardinals
718106,2023-05-19,Minnesota Twins,Los Angeles Angels
718107,2023-05-19,Boston Red Sox,San Diego Padres
718105,2023-05-19,Miami Marlins,San Francisco Giants
718104,2023-05-20,Kansas City Royals,Chicago White Sox
718102,2023-05-20,Baltimore Orioles,Toronto Blue Jays
718108,2023-05-20,Detroit Tigers,Washington Nationals
718101,2023-05-20,Arizona Diamondbacks,Pittsburgh Pirates
718100,2023-05-20,Colorado Rockies,Texas Rangers
718097,2023-05-20,Chicago Cubs,Philadelphia Phillies
718103,2023-05-20,Miami Marlins,San Francisco Giants
718098,2023-05-20,Oakland Athletics,Houston Astros
718095,2023-05-20,New York Yankees,Cincinnati Reds
718093,2023-05-20,Milwaukee Brewers,Tampa Bay Rays
718109,2023-05-20,Los Angeles Dodgers,St. Louis Cardinals
718094,2023-05-20,Seattle Mariners,Atlanta Braves
718096,2023-05-20,Minnesota Twins,Los Angeles Angels
718092,2023-05-20,Boston Red Sox,San Diego Padres
718099,2023-05-21,Cleveland Guardians,New York Mets
718085,2023-05-21,New York Yankees,Cincinnati Reds
718089,2023-05-21,Detroit Tigers,Washington Nationals
718091,2023-05-21,Arizona Diamondbacks,Pittsburgh Pirates
718088,2023-05-21,Chicago Cubs,Philadelphia Phillies
718090,2023-05-21,Seattle Mariners,Atlanta Braves
718087,2023-05-21,Baltimore Orioles,Toronto Blue Jays
718099,2023-05-21,Cleveland Guardians,New York Mets
718082,2023-05-21,Cleveland Guardians,New York Mets
718081,2023-05-21,Milwaukee Brewers,Tampa Bay Rays
718086,2023-05-21,Oakland Athletics,Houston Astros
718084,2023-05-21,Kansas City Royals,Chicago White Sox
718083,2023-05-21,Los Angeles Dodgers,St. Louis Cardinals
718076,2023-05-21,Colorado Rockies,Texas Rangers
718078,2023-05-21,Miami Marlins,San Francisco Giants
718080,2023-05-21,Minnesota Twins,Los Angeles Angels
718079,2023-05-21,Boston Red Sox,San Diego Padres
718072,2023-05-22,Chicago White Sox,Cleveland Guardians
718075,2023-05-22,Texas Rangers,Pittsburgh Pirates
718071,2023-05-22,St. Louis Cardinals,Cincinnati Reds
718077,2023-05-22,Toronto Blue Jays,Tampa Bay Rays
718073,2023-05-22,Arizona Diamondbacks,Philadelphia Phillies
718074,2023-05-22,Los Angeles Dodgers,Atlanta Braves
718066,2023-05-22,Detroit Tigers,Kansas City Royals
718067,2023-05-22,San Francisco Giants,Minnesota Twins
718068,2023-05-22,Houston Astros,Milwaukee Brewers
718069,2023-05-22,Miami Marlins,Colorado Rockies
718070,2023-05-22,Boston Red Sox,Los Angeles Angels
718062,2023-05-22,Oakland Athletics,Seattle Mariners
718063,2023-05-23,Chicago White Sox,Cleveland Guardians
718065,2023-05-23,Texas Rangers,Pittsburgh Pirates
718059,2023-05-23,St. Louis Cardinals,Cincinnati Reds
718061,2023-05-23,Toronto Blue Jays,Tampa Bay Rays
718060,2023-05-23,Arizona Diamondbacks,Philadelphia Phillies
718064,2023-05-23,San Diego Padres,Washington Nationals
718058,2023-05-23,Baltimore Orioles,New York Yankees
718057,2023-05-23,Los Angeles Dodgers,Atlanta Braves
718049,2023-05-23,Detroit Tigers,Kansas City Royals
718055,2023-05-23,New York Mets,Chicago Cubs
718054,2023-05-23,San Francisco Giants,Minnesota Twins
718056,2023-05-23,Houston Astros,Milwaukee Brewers
718051,2023-05-23,Miami Marlins,Colorado Rockies
718053,2023-05-23,Boston Red Sox,Los Angeles Angels
718050,2023-05-23,Oakland Athletics,Seattle Mariners
718045,2023-05-24,Texas Rangers,Pittsburgh Pirates
718043,2023-05-24,Arizona Diamondbacks,Philadelphia Phillies
718047,2023-05-24,San Francisco Giants,Minnesota Twins
718048,2023-05-24,Chicago White Sox,Cleveland Guardians
718046,2023-05-24,Houston Astros,Milwaukee Brewers
718041,2023-05-24,St. Louis Cardinals,Cincinnati Reds
718044,2023-05-24,Toronto Blue Jays,Tampa Bay Rays
718052,2023-05-24,San Diego Padres,Washington Nationals
718040,2023-05-24,Baltimore Orioles,New York Yankees
718042,2023-05-24,Los Angeles Dodgers,Atlanta Braves
718039,2023-05-24,Detroit Tigers,Kansas City Royals
718038,2023-05-24,New York Mets,Chicago Cubs
718036,2023-05-24,Miami Marlins,Colorado Rockies
718034,2023-05-24,Boston Red Sox,Los Angeles Angels
718037,2023-05-24,Oakland Athletics,Seattle Mariners
718030,2023-05-25,St. Louis Cardinals,Cincinnati Reds
718032,2023-05-25,Toronto Blue Jays,Tampa Bay Rays
718033,2023-05-25,Miami Marlins,Colorado Rockies
718035,2023-05-25,San Diego Padres,Washington Nationals
718031,2023-05-25,Chicago White Sox,Detroit Tigers
718029,2023-05-25,Baltimore Orioles,New York Yankees
718026,2023-05-25,Philadelphia Phillies,Atlanta Braves
718024,2023-05-25,New York Mets,Chicago Cubs
718028,2023-05-25,San Francisco Giants,Milwaukee Brewers
718025,2023-05-25,Oakland Athletics,Seattle Mariners
718027,2023-05-26,Cincinnati Reds,Chicago Cubs
718018,2023-05-26,Los Angeles Dodgers,Tampa Bay Rays
718021,2023-05-26,Chicago White Sox,Detroit Tigers
718020,2023-05-26,Texas Rangers,Baltimore Orioles
718023,2023-05-26,San Diego Padres,New York Yankees
718022,2023-05-26,St. Louis Cardinals,Cleveland Guardians
718019,2023-05-26,Philadelphia Phillies,Atlanta Braves
718014,2023-05-26,Washington Nationals,Kansas City Royals
718013,2023-05-26,Toronto Blue Jays,Minnesota Twins
718017,2023-05-26,San Francisco Giants,Milwaukee Brewers
718016,2023-05-26,New York Mets,Colorado Rockies
718015,2023-05-26,Miami Marlins,Los Angeles Angels
718010,2023-05-26,Boston Red Sox,Arizona Diamondbacks
718009,2023-05-26,Houston Astros,Oakland Athletics
718012,2023-05-26,Pittsburgh Pirates,Seattle Mariners
718006,2023-05-27,San Diego Padres,New York Yankees
718005,2023-05-27,Chicago White Sox,Detroit Tigers
718008,2023-05-27,Toronto Blue Jays,Minnesota Twins
718001,2023-05-27,Texas Rangers,Baltimore Orioles
718003,2023-05-27,Houston Astros,Oakland Athletics
718000,2023-05-27,Washington Nationals,Kansas City Royals
718004,2023-05-27,Pittsburgh Pirates,Seattle Mariners
718002,2023-05-27,Los Angeles Dodgers,Tampa Bay Rays
717997,2023-05-27,Philadelphia Phillies,Atlanta Braves
717999,2023-05-27,San Francisco Giants,Milwaukee Brewers
717991,2023-05-27,Boston Red Sox,Arizona Diamondbacks
718007,2023-05-27,Cincinnati Reds,Chicago Cubs
717996,2023-05-27,St. Louis Cardinals,Cleveland Guardians
718011,2023-05-27,New York Mets,Colorado Rockies
717998,2023-05-27,Miami Marlins,Los Angeles Angels
717994,2023-05-28,Los Angeles Dodgers,Tampa Bay Rays
717990,2023-05-28,Texas Rangers,Baltimore Orioles
717995,2023-05-28,San Diego Padres,New York Yankees
717993,2023-05-28,St. Louis Cardinals,Cleveland Guardians
717989,2023-05-28,Chicago White Sox,Detroit Tigers
717985,2023-05-28,Washington Nationals,Kansas City Royals
717988,2023-05-28,Toronto Blue Jays,Minnesota Twins
717986,2023-05-28,San Francisco Giants,Milwaukee Brewers
717987,2023-05-28,Cincinnati Reds,Chicago Cubs
717982,2023-05-28,New York Mets,Colorado Rockies
717980,2023-05-28,Houston Astros,Oakland Athletics
717984,2023-05-28,Miami Marlins,Los Angeles Angels
717981,2023-05-28,Boston Red Sox,Arizona Diamondbacks
717983,2023-05-28,Pittsburgh Pirates,Seattle Mariners
717992,2023-05-28,Philadelphia Phillies,Atlanta Braves
717974,2023-05-29,Cleveland Guardians,Baltimore Orioles
717979,2023-05-29,Texas Rangers,Detroit Tigers
717975,2023-05-29,Kansas City Royals,St. Louis Cardinals
717976,2023-05-29,Tampa Bay Rays,Chicago Cubs
717977,2023-05-29,Colorado Rockies,Arizona Diamondbacks
717968,2023-05-29,Minnesota Twins,Houston Astros
717978,2023-05-29,Pittsburgh Pirates,San Francisco Giants
717970,2023-05-29,Atlanta Braves,Oakland Athletics
717971,2023-05-29,Los Angeles Angels,Chicago White Sox
717973,2023-05-29,Washington Nationals,Los Angeles Dodgers
717969,2023-05-29,New York Yankees,Seattle Mariners
717964,2023-05-30,Texas Rangers,Detroit Tigers
717963,2023-05-30,San Diego Padres,Miami Marlins
717967,2023-05-30,Cleveland Guardians,Baltimore Orioles
717965,2023-05-30,Milwaukee Brewers,Toronto Blue Jays
717966,2023-05-30,Cincinnati Reds,Boston Red Sox
717962,2023-05-30,Philadelphia Phillies,New York Mets
717960,2023-05-30,Kansas City Royals,St. Louis Cardinals
717961,2023-05-30,Tampa Bay Rays,Chicago Cubs
717956,2023-05-30,Minnesota Twins,Houston Astros
717959,2023-05-30,Los Angeles Angels,Chicago White Sox
717955,2023-05-30,Colorado Rockies,Arizona Diamondbacks
717958,2023-05-30,Atlanta Braves,Oakland Athletics
717952,2023-05-30,New York Yankees,Seattle Mariners
717972,2023-05-30,Pittsburgh Pirates,San Francisco Giants
717957,2023-05-30,Washington Nationals,Los Angeles Dodgers
717951,2023-05-31,Texas Rangers,Detroit Tigers
717943,2023-05-31,Los Angeles Angels,Chicago White Sox
717950,2023-05-31,Tampa Bay Rays,Chicago Cubs
717946,2023-05-31,Cleveland Guardians,Baltimore Orioles
717949,2023-05-31,Atlanta Braves,Oakland Athletics
717953,2023-05-31,Pittsburgh Pirates,San Francisco Giants
717954,2023-05-31,Washington Nationals,Los Angeles Dodgers
717945,2023-05-31,San Diego Padres,Miami Marlins
717947,2023-05-31,Milwaukee Brewers,Toronto Blue Jays
717948,2023-05-31,Cincinnati Reds,Boston Red Sox
717944,2023-05-31,Philadelphia Phillies,New York Mets
717938,2023-05-31,Minnesota Twins,Houston Astros
717940,2023-05-31,Colorado Rockies,Arizona Diamondbacks
717939,2023-05-31,New York Yankees,Seattle Mariners
717942,2023-06-01,Milwaukee Brewers,Toronto Blue Jays
717934,2023-06-01,Philadelphia Phillies,New York Mets
717941,2023-06-01,San Diego Padres,Miami Marlins
717933,2023-06-01,Colorado Rockies,Arizona Diamondbacks
717932,2023-06-01,Cincinnati Reds,Boston Red Sox
717937,2023-06-01,Cleveland Guardians,Minnesota Twins
717936,2023-06-01,Los Angeles Angels,Houston Astros
717931,2023-06-02,Milwaukee Brewers,Cincinnati Reds
717927,2023-06-02,Oakland Athletics,Miami Marlins
717930,2023-06-02,St. Louis Cardinals,Pittsburgh Pirates
717935,2023-06-02,Philadelphia Phillies,Washington Nationals
717929,2023-06-02,Toronto Blue Jays,New York Mets
717922,2023-06-02,Seattle Mariners,Texas Rangers
717926,2023-06-02,Los Angeles Angels,Houston Astros
717923,2023-06-02,Colorado Rockies,Kansas City Royals
717924,2023-06-02,Cleveland Guardians,Minnesota Twins
717925,2023-06-02,Detroit Tigers,Chicago White Sox
717921,2023-06-02,Chicago Cubs,San Diego Padres
717919,2023-06-02,Atlanta Braves,Arizona Diamondbacks
717917,2023-06-02,New York Yankees,Los Angeles Dodgers
717920,2023-06-02,Baltimore Orioles,San Francisco Giants
717928,2023-06-05,Tampa Bay Rays,Boston Red Sox
717918,2023-06-03,Tampa Bay Rays,Boston Red Sox
717885,2023-06-03,Tampa Bay Rays,Boston Red Sox
717915,2023-06-03,Detroit Tigers,Chicago White Sox
717907,2023-06-03,St. Louis Cardinals,Pittsburgh Pirates
717912,2023-06-03,Seattle Mariners,Texas Rangers
717914,2023-06-03,Philadelphia Phillies,Washington Nationals
717908,2023-06-03,Los Angeles Angels,Houston Astros
717909,2023-06-03,Colorado Rockies,Kansas City Royals
717910,2023-06-03,Toronto Blue Jays,New York Mets
717911,2023-06-03,Oakland Athletics,Miami Marlins
717906,2023-06-03,Milwaukee Brewers,Cincinnati Reds
717913,2023-06-03,Cleveland Guardians,Minnesota Twins
717905,2023-06-03,New York Yankees,Los Angeles Dodgers
717916,2023-06-03,Baltimore Orioles,San Francisco Giants
717903,2023-06-03,Chicago Cubs,San Diego Padres
717901,2023-06-03,Atlanta Braves,Arizona Diamondbacks
717898,2023-06-04,St. Louis Cardinals,Pittsburgh Pirates
717904,2023-06-04,Tampa Bay Rays,Boston Red Sox
717902,2023-06-04,Philadelphia Phillies,Washington Nationals
717900,2023-06-04,Toronto Blue Jays,New York Mets
717896,2023-06-04,Oakland Athletics,Miami Marlins
717897,2023-06-04,Milwaukee Brewers,Cincinnati Reds
717899,2023-06-04,Los Angeles Angels,Houston Astros
717893,2023-06-04,Colorado Rockies,Kansas City Royals
717895,2023-06-04,Cleveland Guardians,Minnesota Twins
717891,2023-06-04,Detroit Tigers,Chicago White Sox
717894,2023-06-04,Seattle Mariners,Texas Rangers
717890,2023-06-04,Baltimore Orioles,San Francisco Giants
717892,2023-06-04,Atlanta Braves,Arizona Diamondbacks
717889,2023-06-04,Chicago Cubs,San Diego Padres
717888,2023-06-04,New York Yankees,Los Angeles Dodgers
717928,2023-06-05,Tampa Bay Rays,Boston Red Sox
717886,2023-06-05,Detroit Tigers,Philadelphia Phillies
717887,2023-06-05,Kansas City Royals,Miami Marlins
717884,2023-06-05,Oakland Athletics,Pittsburgh Pirates
717878,2023-06-05,Houston Astros,Toronto Blue Jays
717883,2023-06-05,Milwaukee Brewers,Cincinnati Reds
717879,2023-06-05,St. Louis Cardinals,Texas Rangers
717880,2023-06-05,Chicago Cubs,San Diego Padres
717882,2023-06-06,Minnesota Twins,Tampa Bay Rays
717875,2023-06-06,Detroit Tigers,Philadelphia Phillies
717876,2023-06-06,Kansas City Royals,Miami Marlins
717881,2023-06-06,Arizona Diamondbacks,Washington Nationals
717874,2023-06-06,Oakland Athletics,Pittsburgh Pirates
717877,2023-06-06,Chicago White Sox,New York Yankees
717871,2023-06-06,Houston Astros,Toronto Blue Jays
717873,2023-06-06,Boston Red Sox,Cleveland Guardians
717870,2023-06-06,Los Angeles Dodgers,Cincinnati Reds
717872,2023-06-06,New York Mets,Atlanta Braves
717867,2023-06-06,Baltimore Orioles,Milwaukee Brewers
717868,2023-06-06,St. Louis Cardinals,Texas Rangers
717869,2023-06-06,San Francisco Giants,Colorado Rockies
717861,2023-06-06,Chicago Cubs,Los Angeles Angels
717864,2023-06-06,Seattle Mariners,San Diego Padres
717865,2023-06-07,Oakland Athletics,Pittsburgh Pirates
717863,2023-06-07,Seattle Mariners,San Diego Padres
717860,2023-06-07,Kansas City Royals,Miami Marlins
717859,2023-06-07,Minnesota Twins,Tampa Bay Rays
717866,2023-06-07,Arizona Diamondbacks,Washington Nationals
717856,2023-06-07,Houston Astros,Toronto Blue Jays
717858,2023-06-07,Boston Red Sox,Cleveland Guardians
717853,2023-06-07,Los Angeles Dodgers,Cincinnati Reds
717850,2023-06-07,New York Mets,Atlanta Braves
717851,2023-06-07,Baltimore Orioles,Milwaukee Brewers
717854,2023-06-07,St. Louis Cardinals,Texas Rangers
717852,2023-06-07,San Francisco Giants,Colorado Rockies
717855,2023-06-07,Chicago Cubs,Los Angeles Angels
717862,2023-06-08,Detroit Tigers,Philadelphia Phillies
717857,2023-06-08,Chicago White Sox,New York Yankees
717844,2023-06-08,Los Angeles Dodgers,Cincinnati Reds
717845,2023-06-08,Minnesota Twins,Tampa Bay Rays
717849,2023-06-08,Baltimore Orioles,Milwaukee Brewers
717846,2023-06-08,San Francisco Giants,Colorado Rockies
717848,2023-06-08,Chicago White Sox,New York Yankees
717857,2023-06-08,Chicago White Sox,New York Yankees
717862,2023-06-08,Detroit Tigers,Philadelphia Phillies
717843,2023-06-08,Houston Astros,Toronto Blue Jays
717842,2023-06-08,Boston Red Sox,Cleveland Guardians
717840,2023-06-08,New York Mets,Atlanta Braves
717838,2023-06-08,Chicago Cubs,Los Angeles Angels
717847,2023-06-22,Arizona Diamondbacks,Washington Nationals
717834,2023-06-09,Arizona Diamondbacks,Detroit Tigers
717827,2023-06-09,Texas Rangers,Tampa Bay Rays
717839,2023-06-09,Kansas City Royals,Baltimore Orioles
717836,2023-06-09,New York Mets,Pittsburgh Pirates
717837,2023-06-09,Los Angeles Dodgers,Philadelphia Phillies
717841,2023-06-09,Boston Red Sox,New York Yankees
717835,2023-06-09,Minnesota Twins,Toronto Blue Jays
717833,2023-06-09,Houston Astros,Cleveland Guardians
717829,2023-06-09,Washington Nationals,Atlanta Braves
717828,2023-06-09,Miami Marlins,Chicago White Sox
717831,2023-06-09,Oakland Athletics,Milwaukee Brewers
717832,2023-06-09,Cincinnati Reds,St. Louis Cardinals
717830,2023-06-09,San Diego Padres,Colorado Rockies
717824,2023-06-09,Seattle Mariners,Los Angeles Angels
717823,2023-06-09,Chicago Cubs,San Francisco Giants
717821,2023-06-10,Arizona Diamondbacks,Detroit Tigers
717820,2023-06-10,Miami Marlins,Chicago White Sox
717817,2023-06-10,Cincinnati Reds,St. Louis Cardinals
717822,2023-06-10,Minnesota Twins,Toronto Blue Jays
717819,2023-06-10,San Diego Padres,Colorado Rockies
717818,2023-06-10,Kansas City Royals,Baltimore Orioles
717812,2023-06-10,New York Mets,Pittsburgh Pirates
717811,2023-06-10,Los Angeles Dodgers,Philadelphia Phillies
717813,2023-06-10,Texas Rangers,Tampa Bay Rays
717816,2023-06-10,Washington Nationals,Atlanta Braves
717814,2023-06-10,Oakland Athletics,Milwaukee Brewers
717815,2023-06-10,Houston Astros,Cleveland Guardians
717826,2023-06-10,Chicago Cubs,San Francisco Giants
717825,2023-06-10,Boston Red Sox,New York Yankees
717809,2023-06-10,Seattle Mariners,Los Angeles Angels
717804,2023-06-11,Arizona Diamondbacks,Detroit Tigers
717802,2023-06-11,Houston Astros,Cleveland Guardians
717808,2023-06-11,Kansas City Royals,Baltimore Orioles
717803,2023-06-11,New York Mets,Pittsburgh Pirates
717806,2023-06-11,Los Angeles Dodgers,Philadelphia Phillies
717807,2023-06-11,Washington Nationals,Atlanta Braves
717805,2023-06-11,Minnesota Twins,Toronto Blue Jays
717801,2023-06-11,Texas Rangers,Tampa Bay Rays
717795,2023-06-11,Miami Marlins,Chicago White Sox
717800,2023-06-11,Oakland Athletics,Milwaukee Brewers
717797,2023-06-11,Cincinnati Reds,St. Louis Cardinals
717798,2023-06-11,San Diego Padres,Colorado Rockies
717796,2023-06-11,Chicago Cubs,San Francisco Giants
717799,2023-06-11,Seattle Mariners,Los Angeles Angels
717810,2023-06-11,Boston Red Sox,New York Yankees
717790,2023-06-12,Atlanta Braves,Detroit Tigers
717794,2023-06-12,Colorado Rockies,Boston Red Sox
717791,2023-06-12,San Francisco Giants,St. Louis Cardinals
717792,2023-06-12,Los Angeles Angels,Texas Rangers
717793,2023-06-12,Cincinnati Reds,Kansas City Royals
717789,2023-06-12,Tampa Bay Rays,Oakland Athletics
717785,2023-06-12,Philadelphia Phillies,Arizona Diamondbacks
717786,2023-06-12,Miami Marlins,Seattle Mariners
717787,2023-06-13,Toronto Blue Jays,Baltimore Orioles
717788,2023-06-13,Colorado Rockies,Boston Red Sox
717779,2023-06-13,New York Yankees,New York Mets
717783,2023-06-13,Milwaukee Brewers,Minnesota Twins
717781,2023-06-13,San Francisco Giants,St. Louis Cardinals
717782,2023-06-13,Pittsburgh Pirates,Chicago Cubs
717780,2023-06-13,Los Angeles Angels,Texas Rangers
717777,2023-06-13,Cincinnati Reds,Kansas City Royals
717778,2023-06-13,Washington Nationals,Houston Astros
717772,2023-06-13,Cleveland Guardians,San Diego Padres
717774,2023-06-13,Tampa Bay Rays,Oakland Athletics
717775,2023-06-13,Philadelphia Phillies,Arizona Diamondbacks
717773,2023-06-13,Miami Marlins,Seattle Mariners
717776,2023-06-13,Chicago White Sox,Los Angeles Dodgers
717784,2023-06-14,Atlanta Braves,Detroit Tigers
717770,2023-06-14,Atlanta Braves,Detroit Tigers
717784,2023-06-14,Atlanta Braves,Detroit Tigers
717771,2023-06-14,Milwaukee Brewers,Minnesota Twins
717767,2023-06-14,San Francisco Giants,St. Louis Cardinals
717769,2023-06-14,Toronto Blue Jays,Baltimore Orioles
717768,2023-06-14,Colorado Rockies,Boston Red Sox
717766,2023-06-14,New York Yankees,New York Mets
717763,2023-06-14,Pittsburgh Pirates,Chicago Cubs
717765,2023-06-14,Los Angeles Angels,Texas Rangers
717764,2023-06-14,Cincinnati Reds,Kansas City Royals
717762,2023-06-14,Washington Nationals,Houston Astros
717758,2023-06-14,Cleveland Guardians,San Diego Padres
717761,2023-06-14,Tampa Bay Rays,Oakland Athletics
717757,2023-06-14,Philadelphia Phillies,Arizona Diamondbacks
717759,2023-06-14,Miami Marlins,Seattle Mariners
717760,2023-06-14,Chicago White Sox,Los Angeles Dodgers
717753,2023-06-15,Toronto Blue Jays,Baltimore Orioles
717756,2023-06-15,Tampa Bay Rays,Oakland Athletics
717755,2023-06-15,Philadelphia Phillies,Arizona Diamondbacks
717752,2023-06-15,Detroit Tigers,Minnesota Twins
717754,2023-06-15,Colorado Rockies,Atlanta Braves
717747,2023-06-15,Pittsburgh Pirates,Chicago Cubs
717751,2023-06-15,Los Angeles Angels,Texas Rangers
717746,2023-06-15,Washington Nationals,Houston Astros
717750,2023-06-15,Cleveland Guardians,San Diego Padres
717748,2023-06-15,Chicago White Sox,Los Angeles Dodgers
717744,2023-06-16,Baltimore Orioles,Chicago Cubs
717749,2023-06-16,Miami Marlins,Washington Nationals
717743,2023-06-16,St. Louis Cardinals,New York Mets
717742,2023-06-16,New York Yankees,Boston Red Sox
717745,2023-06-16,Colorado Rockies,Atlanta Braves
717741,2023-06-16,Toronto Blue Jays,Texas Rangers
717737,2023-06-16,Cincinnati Reds,Houston Astros
717736,2023-06-16,Los Angeles Angels,Kansas City Royals
717738,2023-06-16,Detroit Tigers,Minnesota Twins
717740,2023-06-16,Pittsburgh Pirates,Milwaukee Brewers
717739,2023-06-16,Cleveland Guardians,Arizona Diamondbacks
717732,2023-06-16,Tampa Bay Rays,San Diego Padres
717735,2023-06-16,Philadelphia Phillies,Oakland Athletics
717731,2023-06-16,San Francisco Giants,Los Angeles Dodgers
717733,2023-06-16,Chicago White Sox,Seattle Mariners
717728,2023-06-17,Detroit Tigers,Minnesota Twins
717729,2023-06-17,Baltimore Orioles,Chicago Cubs
717723,2023-06-17,Toronto Blue Jays,Texas Rangers
717734,2023-06-17,Miami Marlins,Washington Nationals
717725,2023-06-17,Philadelphia Phillies,Oakland Athletics
717727,2023-06-17,Cincinnati Reds,Houston Astros
717726,2023-06-17,Los Angeles Angels,Kansas City Royals
717718,2023-06-17,St. Louis Cardinals,New York Mets
717724,2023-06-17,Colorado Rockies,Atlanta Braves
717722,2023-06-17,Chicago White Sox,Seattle Mariners
717720,2023-06-17,Pittsburgh Pirates,Milwaukee Brewers
717717,2023-06-17,Tampa Bay Rays,San Diego Padres
717721,2023-06-17,San Francisco Giants,Los Angeles Dodgers
717719,2023-06-17,Cleveland Guardians,Arizona Diamondbacks
717730,2023-06-18,New York Yankees,Boston Red Sox
717708,2023-06-18,Baltimore Orioles,Chicago Cubs
717716,2023-06-18,Colorado Rockies,Atlanta Braves
717714,2023-06-18,Miami Marlins,Washington Nationals
717730,2023-06-18,New York Yankees,Boston Red Sox
717715,2023-06-18,New York Yankees,Boston Red Sox
717713,2023-06-18,St. Louis Cardinals,New York Mets
717707,2023-06-18,Cincinnati Reds,Houston Astros
717712,2023-06-18,Los Angeles Angels,Kansas City Royals
717711,2023-06-18,Detroit Tigers,Minnesota Twins
717710,2023-06-18,Pittsburgh Pirates,Milwaukee Brewers
717709,2023-06-18,Toronto Blue Jays,Texas Rangers
717705,2023-06-18,Philadelphia Phillies,Oakland Athletics
717706,2023-06-18,Cleveland Guardians,Arizona Diamondbacks
717702,2023-06-18,San Francisco Giants,Los Angeles Dodgers
717703,2023-06-18,Tampa Bay Rays,San Diego Padres
717704,2023-06-18,Chicago White Sox,Seattle Mariners
717699,2023-06-19,St. Louis Cardinals,Washington Nationals
717692,2023-06-19,Kansas City Royals,Detroit Tigers
717700,2023-06-19,Toronto Blue Jays,Miami Marlins
717698,2023-06-19,Chicago Cubs,Pittsburgh Pirates
717701,2023-06-19,Colorado Rockies,Cincinnati Reds
717693,2023-06-19,Boston Red Sox,Minnesota Twins
717694,2023-06-19,New York Mets,Houston Astros
717695,2023-06-19,Texas Rangers,Chicago White Sox
717696,2023-06-19,Arizona Diamondbacks,Milwaukee Brewers
717697,2023-06-19,San Diego Padres,San Francisco Giants
717681,2023-06-20,Kansas City Royals,Detroit Tigers
717687,2023-06-20,Baltimore Orioles,Tampa Bay Rays
717689,2023-06-20,Atlanta Braves,Philadelphia Phillies
717690,2023-06-20,Toronto Blue Jays,Miami Marlins
717686,2023-06-20,Chicago Cubs,Pittsburgh Pirates
717691,2023-06-20,St. Louis Cardinals,Washington Nationals
717684,2023-06-20,Seattle Mariners,New York Yankees
717685,2023-06-20,Colorado Rockies,Cincinnati Reds
717679,2023-06-20,Oakland Athletics,Cleveland Guardians
717683,2023-06-20,Boston Red Sox,Minnesota Twins
717682,2023-06-20,New York Mets,Houston Astros
717675,2023-06-20,Texas Rangers,Chicago White Sox
717680,2023-06-20,Arizona Diamondbacks,Milwaukee Brewers
717688,2023-06-20,San Diego Padres,San Francisco Giants
717678,2023-06-20,Los Angeles Dodgers,Los Angeles Angels
717677,2023-06-21,Baltimore Orioles,Tampa Bay Rays
717676,2023-06-21,Toronto Blue Jays,Miami Marlins
717669,2023-06-21,Colorado Rockies,Cincinnati Reds
717671,2023-06-21,Chicago Cubs,Pittsburgh Pirates
717668,2023-06-21,Kansas City Royals,Detroit Tigers
717670,2023-06-21,New York Mets,Houston Astros
717672,2023-06-21,Arizona Diamondbacks,Milwaukee Brewers
717673,2023-06-21,St. Louis Cardinals,Washington Nationals
717666,2023-06-21,Seattle Mariners,New York Yankees
717663,2023-06-21,Oakland Athletics,Cleveland Guardians
717665,2023-06-21,Boston Red Sox,Minnesota Twins
717667,2023-06-21,Texas Rangers,Chicago White Sox
717662,2023-06-21,Los Angeles Dodgers,Los Angeles Angels
717674,2023-06-21,San Diego Padres,San Francisco Giants
717664,2023-09-11,Atlanta Braves,Philadelphia Phillies
717847,2023-06-22,Arizona Diamondbacks,Washington Nationals
717657,2023-06-22,Atlanta Braves,Philadelphia Phillies
717660,2023-06-22,Oakland Athletics,Cleveland Guardians
717658,2023-06-22,Boston Red Sox,Minnesota Twins
717661,2023-06-22,San Diego Padres,San Francisco Giants
717659,2023-06-22,Kansas City Royals,Tampa Bay Rays
717654,2023-06-22,Pittsburgh Pirates,Miami Marlins
717652,2023-06-22,Seattle Mariners,New York Yankees
717649,2023-06-23,Kansas City Royals,Tampa Bay Rays
717647,2023-06-23,Minnesota Twins,Detroit Tigers
717650,2023-06-23,Atlanta Braves,Cincinnati Reds
717653,2023-06-23,Pittsburgh Pirates,Miami Marlins
717651,2023-06-23,Seattle Mariners,Baltimore Orioles
717656,2023-06-23,New York Mets,Philadelphia Phillies
717655,2023-06-23,Texas Rangers,New York Yankees
717646,2023-06-23,Oakland Athletics,Toronto Blue Jays
717648,2023-06-23,Milwaukee Brewers,Cleveland Guardians
717645,2023-06-23,Boston Red Sox,Chicago White Sox
717644,2023-06-23,Los Angeles Angels,Colorado Rockies
717642,2023-06-23,Washington Nationals,San Diego Padres
717643,2023-06-23,Houston Astros,Los Angeles Dodgers
717641,2023-06-23,Arizona Diamondbacks,San Francisco Giants
717637,2023-06-24,Chicago Cubs,St. Louis Cardinals
717628,2023-06-24,Seattle Mariners,Baltimore Orioles
717639,2023-06-24,Arizona Diamondbacks,San Francisco Giants
717635,2023-06-24,New York Mets,Philadelphia Phillies
717636,2023-06-24,Texas Rangers,New York Yankees
717634,2023-06-24,Oakland Athletics,Toronto Blue Jays
717632,2023-06-24,Kansas City Royals,Tampa Bay Rays
717631,2023-06-24,Atlanta Braves,Cincinnati Reds
717629,2023-06-24,Boston Red Sox,Chicago White Sox
717630,2023-06-24,Pittsburgh Pirates,Miami Marlins
717625,2023-06-24,Milwaukee Brewers,Cleveland Guardians
717626,2023-06-24,Houston Astros,Los Angeles Dodgers
717633,2023-06-24,Minnesota Twins,Detroit Tigers
717638,2023-06-24,Washington Nationals,San Diego Padres
717640,2023-06-24,Los Angeles Angels,Colorado Rockies
717623,2023-06-25,Chicago Cubs,St. Louis Cardinals
717621,2023-06-25,Minnesota Twins,Detroit Tigers
717627,2023-06-25,Seattle Mariners,Baltimore Orioles
717624,2023-06-25,New York Mets,Philadelphia Phillies
717622,2023-06-25,Texas Rangers,New York Yankees
717617,2023-06-25,Oakland Athletics,Toronto Blue Jays
717619,2023-06-25,Kansas City Royals,Tampa Bay Rays
717618,2023-06-25,Atlanta Braves,Cincinnati Reds
717620,2023-06-25,Pittsburgh Pirates,Miami Marlins
717613,2023-06-25,Milwaukee Brewers,Cleveland Guardians
717614,2023-06-25,Boston Red Sox,Chicago White Sox
717616,2023-06-25,Los Angeles Angels,Colorado Rockies
717612,2023-06-25,Arizona Diamondbacks,San Francisco Giants
717610,2023-06-25,Washington Nationals,San Diego Padres
717615,2023-06-25,Houston Astros,Los Angeles Dodgers
717611,2023-06-26,Cincinnati Reds,Baltimore Orioles
717607,2023-06-26,Milwaukee Brewers,New York Mets
717609,2023-06-26,Minnesota Twins,Atlanta Braves
717606,2023-06-26,Detroit Tigers,Texas Rangers
717608,2023-06-26,Chicago White Sox,Los Angeles Angels
717602,2023-06-26,Washington Nationals,Seattle Mariners
717601,2023-06-27,Cincinnati Reds,Baltimore Orioles
717603,2023-06-27,San Diego Padres,Pittsburgh Pirates
717604,2023-06-27,San Francisco Giants,Toronto Blue Jays
717605,2023-06-27,Miami Marlins,Boston Red Sox
717597,2023-06-27,Milwaukee Brewers,New York Mets
717600,2023-06-27,Minnesota Twins,Atlanta Braves
717598,2023-06-27,Houston Astros,St. Louis Cardinals
717599,2023-06-27,Detroit Tigers,Texas Rangers
717596,2023-06-27,Philadelphia Phillies,Chicago Cubs
717591,2023-06-27,Cleveland Guardians,Kansas City Royals
717594,2023-06-27,Los Angeles Dodgers,Colorado Rockies
717592,2023-06-27,Chicago White Sox,Los Angeles Angels
717590,2023-06-27,Washington Nationals,Seattle Mariners
717593,2023-06-27,Tampa Bay Rays,Arizona Diamondbacks
717595,2023-06-27,New York Yankees,Oakland Athletics
717588,2023-06-28,Minnesota Twins,Atlanta Braves
717587,2023-06-28,Washington Nationals,Seattle Mariners
717589,2023-06-28,Cincinnati Reds,Baltimore Orioles
717585,2023-06-28,San Diego Padres,Pittsburgh Pirates
717586,2023-06-28,San Francisco Giants,Toronto Blue Jays
717583,2023-06-28,Miami Marlins,Boston Red Sox
717581,2023-06-28,Milwaukee Brewers,New York Mets
717582,2023-06-28,Houston Astros,St. Louis Cardinals
717580,2023-06-28,Detroit Tigers,Texas Rangers
717584,2023-06-28,Philadelphia Phillies,Chicago Cubs
717577,2023-06-28,Cleveland Guardians,Kansas City Royals
717578,2023-06-28,Los Angeles Dodgers,Colorado Rockies
717576,2023-06-28,Chicago White Sox,Los Angeles Angels
717575,2023-06-28,Tampa Bay Rays,Arizona Diamondbacks
717579,2023-06-28,New York Yankees,Oakland Athletics
717571,2023-06-29,San Diego Padres,Pittsburgh Pirates
717570,2023-06-29,Detroit Tigers,Texas Rangers
717573,2023-06-29,Cleveland Guardians,Kansas City Royals
717574,2023-06-29,New York Yankees,Oakland Athletics
717568,2023-06-29,Tampa Bay Rays,Arizona Diamondbacks
717560,2023-06-29,Chicago White Sox,Los Angeles Angels
717569,2023-06-29,Miami Marlins,Boston Red Sox
717564,2023-06-29,San Francisco Giants,Toronto Blue Jays
717565,2023-06-29,Milwaukee Brewers,New York Mets
717566,2023-06-29,Houston Astros,St. Louis Cardinals
717567,2023-06-29,Philadelphia Phillies,Chicago Cubs
717572,2023-06-29,Los Angeles Dodgers,Colorado Rockies
717559,2023-06-30,Cleveland Guardians,Chicago Cubs
717557,2023-06-30,San Diego Padres,Cincinnati Reds
717563,2023-06-30,Washington Nationals,Philadelphia Phillies
717561,2023-06-30,Minnesota Twins,Baltimore Orioles
717562,2023-06-30,Milwaukee Brewers,Pittsburgh Pirates
717555,2023-06-30,Boston Red Sox,Toronto Blue Jays
717556,2023-06-30,San Francisco Giants,New York Mets
717558,2023-06-30,Miami Marlins,Atlanta Braves
717554,2023-06-30,Houston Astros,Texas Rangers
717552,2023-06-30,Detroit Tigers,Colorado Rockies
717553,2023-06-30,Los Angeles Dodgers,Kansas City Royals
717549,2023-06-30,Arizona Diamondbacks,Los Angeles Angels
717551,2023-06-30,Chicago White Sox,Oakland Athletics
717548,2023-06-30,Tampa Bay Rays,Seattle Mariners
717550,2023-07-01,New York Yankees,St. Louis Cardinals
717539,2023-07-01,San Diego Padres,Cincinnati Reds
717545,2023-07-01,New York Yankees,St. Louis Cardinals
717550,2023-07-01,New York Yankees,St. Louis Cardinals
717547,2023-07-01,Boston Red Sox,Toronto Blue Jays
717542,2023-07-01,Houston Astros,Texas Rangers
717541,2023-07-01,Minnesota Twins,Baltimore Orioles
717543,2023-07-01,Washington Nationals,Philadelphia Phillies
717540,2023-07-01,Milwaukee Brewers,Pittsburgh Pirates
717538,2023-07-01,Chicago White Sox,Oakland Athletics
717535,2023-07-01,San Francisco Giants,New York Mets
717536,2023-07-01,Miami Marlins,Atlanta Braves
717546,2023-07-01,Cleveland Guardians,Chicago Cubs
717537,2023-07-01,Los Angeles Dodgers,Kansas City Royals
717534,2023-07-01,Tampa Bay Rays,Seattle Mariners
717544,2023-07-01,Detroit Tigers,Colorado Rockies
717533,2023-07-01,Arizona Diamondbacks,Los Angeles Angels
717529,2023-07-02,Minnesota Twins,Baltimore Orioles
717528,2023-07-02,Washington Nationals,Philadelphia Phillies
717532,2023-07-02,Miami Marlins,Atlanta Braves
717531,2023-07-02,Milwaukee Brewers,Pittsburgh Pirates
717530,2023-07-02,Boston Red Sox,Toronto Blue Jays
717526,2023-07-02,San Diego Padres,Cincinnati Reds
717527,2023-07-02,Los Angeles Dodgers,Kansas City Royals
717524,2023-07-02,New York Yankees,St. Louis Cardinals
717520,2023-07-02,Houston Astros,Texas Rangers
717523,2023-07-02,Detroit Tigers,Colorado Rockies
717522,2023-07-02,Arizona Diamondbacks,Los Angeles Angels
717518,2023-07-02,Chicago White Sox,Oakland Athletics
717519,2023-07-02,Tampa Bay Rays,Seattle Mariners
717521,2023-07-02,Cleveland Guardians,Chicago Cubs
717525,2023-07-02,San Francisco Giants,New York Mets
717514,2023-07-03,Houston Astros,Texas Rangers
717511,2023-07-03,Chicago Cubs,Milwaukee Brewers
717517,2023-07-03,Cincinnati Reds,Washington Nationals
717515,2023-07-03,St. Louis Cardinals,Miami Marlins
717513,2023-07-03,Baltimore Orioles,New York Yankees
717512,2023-07-03,Atlanta Braves,Cleveland Guardians
717510,2023-07-03,Kansas City Royals,Minnesota Twins
717505,2023-07-03,Los Angeles Angels,San Diego Padres
717516,2023-07-03,Seattle Mariners,San Francisco Giants
717506,2023-07-03,Pittsburgh Pirates,Los Angeles Dodgers
717507,2023-07-04,Cincinnati Reds,Washington Nationals
717508,2023-07-04,Baltimore Orioles,New York Yankees
717502,2023-07-04,St. Louis Cardinals,Miami Marlins
717501,2023-07-04,Texas Rangers,Boston Red Sox
717500,2023-07-04,Kansas City Royals,Minnesota Twins
717504,2023-07-04,Colorado Rockies,Houston Astros
717498,2023-07-04,New York Mets,Arizona Diamondbacks
717499,2023-07-04,Philadelphia Phillies,Tampa Bay Rays
717503,2023-07-04,Chicago Cubs,Milwaukee Brewers
717509,2023-07-04,Seattle Mariners,San Francisco Giants
717494,2023-07-04,Oakland Athletics,Detroit Tigers
717497,2023-07-04,Los Angeles Angels,San Diego Padres
717495,2023-07-04,Atlanta Braves,Cleveland Guardians
717496,2023-07-04,Toronto Blue Jays,Chicago White Sox
717492,2023-07-04,Pittsburgh Pirates,Los Angeles Dodgers
717489,2023-07-05,Colorado Rockies,Houston Astros
717485,2023-07-05,Oakland Athletics,Detroit Tigers
717491,2023-07-05,Philadelphia Phillies,Tampa Bay Rays
717488,2023-07-05,St. Louis Cardinals,Miami Marlins
717493,2023-07-05,Cincinnati Reds,Washington Nationals
717487,2023-07-05,Baltimore Orioles,New York Yankees
717484,2023-07-05,Texas Rangers,Boston Red Sox
717486,2023-07-05,Atlanta Braves,Cleveland Guardians
717482,2023-07-05,Kansas City Royals,Minnesota Twins
717483,2023-07-05,Chicago Cubs,Milwaukee Brewers
717478,2023-07-05,Los Angeles Angels,San Diego Padres
717490,2023-07-05,Seattle Mariners,San Francisco Giants
717477,2023-07-05,New York Mets,Arizona Diamondbacks
717479,2023-07-05,Pittsburgh Pirates,Los Angeles Dodgers
717480,2023-07-06,Toronto Blue Jays,Chicago White Sox
717481,2023-07-06,Cincinnati Reds,Washington Nationals
717476,2023-07-06,Oakland Athletics,Detroit Tigers
717474,2023-07-06,Chicago Cubs,Milwaukee Brewers
717468,2023-07-06,Toronto Blue Jays,Chicago White Sox
717480,2023-07-06,Toronto Blue Jays,Chicago White Sox
717472,2023-07-06,Philadelphia Phillies,Tampa Bay Rays
717473,2023-07-06,St. Louis Cardinals,Miami Marlins
717475,2023-07-06,Baltimore Orioles,New York Yankees
717469,2023-07-06,Kansas City Royals,Cleveland Guardians
717471,2023-07-06,Texas Rangers,Boston Red Sox
717467,2023-07-06,Seattle Mariners,Houston Astros
717470,2023-07-06,New York Mets,Arizona Diamondbacks
717462,2023-07-06,Pittsburgh Pirates,Los Angeles Dodgers
717457,2023-07-07,Toronto Blue Jays,Detroit Tigers
717460,2023-07-07,Atlanta Braves,Tampa Bay Rays
717466,2023-07-07,Philadelphia Phillies,Miami Marlins
717465,2023-07-07,Texas Rangers,Washington Nationals
717464,2023-07-07,Chicago Cubs,New York Yankees
717463,2023-07-07,Kansas City Royals,Cleveland Guardians
717461,2023-07-07,Oakland Athletics,Boston Red Sox
717453,2023-07-07,Seattle Mariners,Houston Astros
717458,2023-07-07,Baltimore Orioles,Minnesota Twins
717455,2023-07-07,St. Louis Cardinals,Chicago White Sox
717459,2023-07-07,Cincinnati Reds,Milwaukee Brewers
717452,2023-07-07,Pittsburgh Pirates,Arizona Diamondbacks
717454,2023-07-07,New York Mets,San Diego Padres
717456,2023-07-07,Los Angeles Angels,Los Angeles Dodgers
717448,2023-07-07,Colorado Rockies,San Francisco Giants
717447,2023-07-08,Chicago Cubs,New York Yankees
717442,2023-07-08,Toronto Blue Jays,Detroit Tigers
717446,2023-07-08,Baltimore Orioles,Minnesota Twins
717445,2023-07-08,St. Louis Cardinals,Chicago White Sox
717451,2023-07-08,Colorado Rockies,San Francisco Giants
717450,2023-07-08,Texas Rangers,Washington Nationals
717443,2023-07-08,Kansas City Royals,Cleveland Guardians
717449,2023-07-08,Oakland Athletics,Boston Red Sox
717439,2023-07-08,Pittsburgh Pirates,Arizona Diamondbacks
717438,2023-07-08,Philadelphia Phillies,Miami Marlins
717444,2023-07-08,Cincinnati Reds,Milwaukee Brewers
717440,2023-07-08,Seattle Mariners,Houston Astros
717441,2023-07-08,Atlanta Braves,Tampa Bay Rays
717437,2023-07-08,Los Angeles Angels,Los Angeles Dodgers
717436,2023-07-08,New York Mets,San Diego Padres
717432,2023-07-09,Texas Rangers,Washington Nationals
717435,2023-07-09,Oakland Athletics,Boston Red Sox
717433,2023-07-09,Chicago Cubs,New York Yankees
717434,2023-07-09,Kansas City Royals,Cleveland Guardians
717431,2023-07-09,Toronto Blue Jays,Detroit Tigers
717429,2023-07-09,Atlanta Braves,Tampa Bay Rays
717426,2023-07-09,Philadelphia Phillies,Miami Marlins
717430,2023-07-09,Seattle Mariners,Houston Astros
717428,2023-07-09,Baltimore Orioles,Minnesota Twins
717424,2023-07-09,St. Louis Cardinals,Chicago White Sox
717427,2023-07-09,Cincinnati Reds,Milwaukee Brewers
717422,2023-07-09,Colorado Rockies,San Francisco Giants
717425,2023-07-09,Pittsburgh Pirates,Arizona Diamondbacks
717423,2023-07-09,New York Mets,San Diego Padres
717418,2023-07-14,San Diego Padres,Philadelphia Phillies
717416,2023-07-14,San Francisco Giants,Pittsburgh Pirates
717407,2023-07-14,Washington Nationals,St. Louis Cardinals
717417,2023-07-14,Miami Marlins,Baltimore Orioles
717420,2023-07-14,Arizona Diamondbacks,Toronto Blue Jays
717413,2023-07-14,Los Angeles Dodgers,New York Mets
717412,2023-07-14,Milwaukee Brewers,Cincinnati Reds
717414,2023-07-14,Chicago White Sox,Atlanta Braves
717419,2023-07-14,Boston Red Sox,Chicago Cubs
717415,2023-07-14,Cleveland Guardians,Texas Rangers
717410,2023-07-14,New York Yankees,Colorado Rockies
717405,2023-07-14,Houston Astros,Los Angeles Angels
717409,2023-07-14,Minnesota Twins,Oakland Athletics
717406,2023-07-14,Detroit Tigers,Seattle Mariners
717411,2023-07-15,Tampa Bay Rays,Kansas City Royals
717408,2023-07-15,San Diego Padres,Philadelphia Phillies
717397,2023-07-15,San Diego Padres,Philadelphia Phillies
717411,2023-07-15,Tampa Bay Rays,Kansas City Royals
717393,2023-07-15,Tampa Bay Rays,Kansas City Royals
717407,2023-07-14,Washington Nationals,St. Louis Cardinals
717403,2023-07-15,Boston Red Sox,Chicago Cubs
717404,2023-07-15,Arizona Diamondbacks,Toronto Blue Jays
717402,2023-07-15,Cleveland Guardians,Texas Rangers
717398,2023-07-15,San Francisco Giants,Pittsburgh Pirates
717401,2023-07-15,Miami Marlins,Baltimore Orioles
717399,2023-07-15,Minnesota Twins,Oakland Athletics
717392,2023-07-15,Milwaukee Brewers,Cincinnati Reds
717400,2023-07-15,Los Angeles Dodgers,New York Mets
717396,2023-07-15,Washington Nationals,St. Louis Cardinals
717395,2023-07-15,Chicago White Sox,Atlanta Braves
717394,2023-07-15,New York Yankees,Colorado Rockies
717389,2023-07-15,Houston Astros,Los Angeles Angels
717390,2023-07-15,Detroit Tigers,Seattle Mariners
717388,2023-07-16,San Francisco Giants,Pittsburgh Pirates
717387,2023-07-16,San Diego Padres,Philadelphia Phillies
717391,2023-07-16,Chicago White Sox,Atlanta Braves
717384,2023-07-16,Miami Marlins,Baltimore Orioles
717386,2023-07-16,Arizona Diamondbacks,Toronto Blue Jays
717383,2023-07-16,Milwaukee Brewers,Cincinnati Reds
717382,2023-07-16,Tampa Bay Rays,Kansas City Royals
717380,2023-07-16,Washington Nationals,St. Louis Cardinals
717376,2023-07-16,Boston Red Sox,Chicago Cubs
717377,2023-07-16,Cleveland Guardians,Texas Rangers
717378,2023-07-16,New York Yankees,Colorado Rockies
717379,2023-07-16,Minnesota Twins,Oakland Athletics
717373,2023-07-16,Detroit Tigers,Seattle Mariners
717385,2023-07-16,Los Angeles Dodgers,New York Mets
717381,2023-07-16,Houston Astros,Los Angeles Angels
717372,2023-07-17,Los Angeles Dodgers,Baltimore Orioles
717371,2023-07-17,Cleveland Guardians,Pittsburgh Pirates
717375,2023-07-17,San Francisco Giants,Cincinnati Reds
717374,2023-07-17,Miami Marlins,St. Louis Cardinals
717370,2023-07-17,Washington Nationals,Chicago Cubs
717367,2023-07-17,Tampa Bay Rays,Texas Rangers
717368,2023-07-17,Detroit Tigers,Kansas City Royals
717369,2023-07-17,New York Yankees,Los Angeles Angels
717366,2023-07-17,Boston Red Sox,Oakland Athletics
717365,2023-07-17,Minnesota Twins,Seattle Mariners
717375,2023-07-17,San Francisco Giants,Cincinnati Reds
717363,2023-07-18,Milwaukee Brewers,Philadelphia Phillies
717361,2023-07-18,Los Angeles Dodgers,Baltimore Orioles
717364,2023-07-18,Cleveland Guardians,Pittsburgh Pirates
717362,2023-07-18,San Diego Padres,Toronto Blue Jays
717360,2023-07-18,San Francisco Giants,Cincinnati Reds
717359,2023-07-18,Chicago White Sox,New York Mets
717358,2023-07-18,Arizona Diamondbacks,Atlanta Braves
717357,2023-07-18,Miami Marlins,St. Louis Cardinals
717353,2023-07-18,Washington Nationals,Chicago Cubs
717354,2023-07-18,Tampa Bay Rays,Texas Rangers
717356,2023-07-18,Detroit Tigers,Kansas City Royals
717355,2023-07-18,Houston Astros,Colorado Rockies
717352,2023-07-18,New York Yankees,Los Angeles Angels
717349,2023-07-18,Boston Red Sox,Oakland Athletics
717350,2023-07-18,Minnesota Twins,Seattle Mariners
717348,2023-07-19,Cleveland Guardians,Pittsburgh Pirates
717343,2023-07-19,Los Angeles Dodgers,Baltimore Orioles
717346,2023-07-19,Tampa Bay Rays,Texas Rangers
717351,2023-07-19,Miami Marlins,St. Louis Cardinals
717345,2023-07-19,Houston Astros,Colorado Rockies
717344,2023-07-19,Boston Red Sox,Oakland Athletics
717347,2023-07-19,Milwaukee Brewers,Philadelphia Phillies
717338,2023-07-19,San Diego Padres,Toronto Blue Jays
717339,2023-07-19,New York Yankees,Los Angeles Angels
717342,2023-07-19,San Francisco Giants,Cincinnati Reds
717341,2023-07-19,Chicago White Sox,New York Mets
717340,2023-07-19,Arizona Diamondbacks,Atlanta Braves
717336,2023-07-19,Washington Nationals,Chicago Cubs
717333,2023-07-19,Detroit Tigers,Kansas City Royals
717335,2023-07-19,Minnesota Twins,Seattle Mariners
717337,2023-07-20,Arizona Diamondbacks,Atlanta Braves
717334,2023-07-20,San Francisco Giants,Cincinnati Reds
717329,2023-07-20,Milwaukee Brewers,Philadelphia Phillies
717331,2023-07-20,San Diego Padres,Toronto Blue Jays
717330,2023-07-20,Chicago White Sox,New York Mets
717332,2023-07-20,Detroit Tigers,Kansas City Royals
717327,2023-07-20,Minnesota Twins,Seattle Mariners
717328,2023-07-20,Baltimore Orioles,Tampa Bay Rays
717322,2023-07-20,St. Louis Cardinals,Chicago Cubs
717323,2023-07-20,Houston Astros,Oakland Athletics
717325,2023-07-21,St. Louis Cardinals,Chicago Cubs
717317,2023-07-21,San Diego Padres,Detroit Tigers
717320,2023-07-21,Baltimore Orioles,Tampa Bay Rays
717319,2023-07-21,Colorado Rockies,Miami Marlins
717326,2023-07-21,San Francisco Giants,Washington Nationals
717318,2023-07-21,Kansas City Royals,New York Yankees
717321,2023-07-21,Arizona Diamondbacks,Cincinnati Reds
717324,2023-07-21,New York Mets,Boston Red Sox
717315,2023-07-21,Philadelphia Phillies,Cleveland Guardians
717316,2023-07-21,Los Angeles Dodgers,Texas Rangers
717314,2023-07-21,Chicago White Sox,Minnesota Twins
717313,2023-07-21,Atlanta Braves,Milwaukee Brewers
717312,2023-07-21,Pittsburgh Pirates,Los Angeles Angels
717310,2023-07-21,Houston Astros,Oakland Athletics
717311,2023-07-21,Toronto Blue Jays,Seattle Mariners
717304,2023-07-22,Kansas City Royals,New York Yankees
717306,2023-07-22,Colorado Rockies,Miami Marlins
717324,2023-07-21,New York Mets,Boston Red Sox
717308,2023-07-22,St. Louis Cardinals,Chicago Cubs
717305,2023-07-22,Los Angeles Dodgers,Texas Rangers
717303,2023-07-22,Arizona Diamondbacks,Cincinnati Reds
717300,2023-07-22,Baltimore Orioles,Tampa Bay Rays
717301,2023-07-22,Toronto Blue Jays,Seattle Mariners
717299,2023-07-22,San Diego Padres,Detroit Tigers
717307,2023-07-22,San Francisco Giants,Washington Nationals
717309,2023-07-22,New York Mets,Boston Red Sox
717302,2023-07-22,Philadelphia Phillies,Cleveland Guardians
717293,2023-07-22,Chicago White Sox,Minnesota Twins
717296,2023-07-22,Atlanta Braves,Milwaukee Brewers
717295,2023-07-22,Houston Astros,Oakland Athletics
717297,2023-07-22,Pittsburgh Pirates,Los Angeles Angels
717288,2023-07-23,San Diego Padres,Detroit Tigers
717290,2023-07-23,San Francisco Giants,Washington Nationals
717294,2023-07-23,Kansas City Royals,New York Yankees
717289,2023-07-23,Arizona Diamondbacks,Cincinnati Reds
717291,2023-07-23,Baltimore Orioles,Tampa Bay Rays
717283,2023-07-23,Philadelphia Phillies,Cleveland Guardians
717292,2023-07-23,Colorado Rockies,Miami Marlins
717285,2023-07-23,Chicago White Sox,Minnesota Twins
717287,2023-07-23,Atlanta Braves,Milwaukee Brewers
717286,2023-07-23,St. Louis Cardinals,Chicago Cubs
717284,2023-07-23,Los Angeles Dodgers,Texas Rangers
717279,2023-07-23,Houston Astros,Oakland Athletics
717278,2023-07-23,Pittsburgh Pirates,Los Angeles Angels
717281,2023-07-23,Toronto Blue Jays,Seattle Mariners
717298,2023-07-23,New York Mets,Boston Red Sox
718558,2023-07-24,San Francisco Giants,Detroit Tigers
717280,2023-07-24,Baltimore Orioles,Philadelphia Phillies
717282,2023-07-24,Colorado Rockies,Washington Nationals
717277,2023-07-24,Kansas City Royals,Cleveland Guardians
717275,2023-07-24,Seattle Mariners,Minnesota Twins
717274,2023-07-24,Texas Rangers,Houston Astros
717273,2023-07-24,Cincinnati Reds,Milwaukee Brewers
717276,2023-07-24,Pittsburgh Pirates,San Diego Padres
717268,2023-07-24,St. Louis Cardinals,Arizona Diamondbacks
717271,2023-07-24,Toronto Blue Jays,Los Angeles Dodgers
717265,2023-07-25,Los Angeles Angels,Detroit Tigers
717267,2023-07-25,Baltimore Orioles,Philadelphia Phillies
717270,2023-07-25,Miami Marlins,Tampa Bay Rays
717269,2023-07-25,Colorado Rockies,Washington Nationals
717266,2023-07-25,New York Mets,New York Yankees
717260,2023-07-25,Kansas City Royals,Cleveland Guardians
717261,2023-07-25,Atlanta Braves,Boston Red Sox
717264,2023-07-25,Seattle Mariners,Minnesota Twins
717255,2023-07-25,Texas Rangers,Houston Astros
717263,2023-07-25,Chicago Cubs,Chicago White Sox
717262,2023-07-25,Cincinnati Reds,Milwaukee Brewers
717258,2023-07-25,Pittsburgh Pirates,San Diego Padres
717259,2023-07-25,St. Louis Cardinals,Arizona Diamondbacks
717272,2023-07-25,Oakland Athletics,San Francisco Giants
717256,2023-07-25,Toronto Blue Jays,Los Angeles Dodgers
717257,2023-07-26,Colorado Rockies,Washington Nationals
717252,2023-07-26,Miami Marlins,Tampa Bay Rays
717249,2023-07-26,Kansas City Royals,Cleveland Guardians
717250,2023-07-26,Seattle Mariners,Minnesota Twins
717254,2023-07-26,Cincinnati Reds,Milwaukee Brewers
717244,2023-07-26,St. Louis Cardinals,Arizona Diamondbacks
717246,2023-07-26,Pittsburgh Pirates,San Diego Padres
717253,2023-07-26,Toronto Blue Jays,Los Angeles Dodgers
717245,2023-07-26,Baltimore Orioles,Philadelphia Phillies
717248,2023-07-26,New York Mets,New York Yankees
717242,2023-07-26,Atlanta Braves,Boston Red Sox
717239,2023-07-26,Texas Rangers,Houston Astros
717240,2023-07-26,Chicago Cubs,Chicago White Sox
717251,2023-07-26,Oakland Athletics,San Francisco Giants
717247,2023-07-27,Los Angeles Angels,Detroit Tigers
717243,2023-07-27,Los Angeles Angels,Detroit Tigers
717247,2023-07-27,Los Angeles Angels,Detroit Tigers
717241,2023-07-27,Washington Nationals,New York Mets
717238,2023-07-27,Chicago Cubs,St. Louis Cardinals
717233,2023-07-27,Cleveland Guardians,Chicago White Sox
718780,2023-03-30,Atlanta Braves,Washington Nationals
718781,2023-03-30,San Francisco Giants,New York Yankees
718782,2023-03-30,Baltimore Orioles,Boston Red Sox
718777,2023-03-30,Milwaukee Brewers,Chicago Cubs
718776,2023-03-30,Detroit Tigers,Tampa Bay Rays
718779,2023-03-30,Philadelphia Phillies,Texas Rangers
718773,2023-03-30,Pittsburgh Pirates,Cincinnati Reds
718772,2023-03-30,Toronto Blue Jays,St. Louis Cardinals
718775,2023-03-30,Minnesota Twins,Kansas City Royals
718774,2023-03-30,New York Mets,Miami Marlins
718768,2023-03-30,Chicago White Sox,Houston Astros
718778,2023-03-30,Colorado Rockies,San Diego Padres
718769,2023-03-30,Los Angeles Angels,Oakland Athletics
718770,2023-03-30,Arizona Diamondbacks,Los Angeles Dodgers
718767,2023-03-30,Cleveland Guardians,Seattle Mariners
718780,2023-03-30,Atlanta Braves,Washington Nationals
718781,2023-03-30,San Francisco Giants,New York Yankees
718782,2023-03-30,Baltimore Orioles,Boston Red Sox
718777,2023-03-30,Milwaukee Brewers,Chicago Cubs
718776,2023-03-30,Detroit Tigers,Tampa Bay Rays
718779,2023-03-30,Philadelphia Phillies,Texas Rangers
718773,2023-03-30,Pittsburgh Pirates,Cincinnati Reds
718772,2023-03-30,Toronto Blue Jays,St. Louis Cardinals
718775,2023-03-30,Minnesota Twins,Kansas City Royals
718774,2023-03-30,New York Mets,Miami Marlins
718768,2023-03-30,Chicago White Sox,Houston Astros
718778,2023-03-30,Colorado Rockies,San Diego Padres
718769,2023-03-30,Los Angeles Angels,Oakland Athletics
718770,2023-03-30,Arizona Diamondbacks,Los Angeles Dodgers
718767,2023-03-30,Cleveland Guardians,Seattle Mariners
718780,2023-03-30,Atlanta Braves,Washington Nationals
718781,2023-03-30,San Francisco Giants,New York Yankees
718782,2023-03-30,Baltimore Orioles,Boston Red Sox
718777,2023-03-30,Milwaukee Brewers,Chicago Cubs
718776,2023-03-30,Detroit Tigers,Tampa Bay Rays
718779,2023-03-30,Philadelphia Phillies,Texas Rangers
718773,2023-03-30,Pittsburgh Pirates,Cincinnati Reds
718772,2023-03-30,Toronto Blue Jays,St. Louis Cardinals
718775,2023-03-30,Minnesota Twins,Kansas City Royals
718774,2023-03-30,New York Mets,Miami Marlins
718768,2023-03-30,Chicago White Sox,Houston Astros
718778,2023-03-30,Colorado Rockies,San Diego Padres
718769,2023-03-30,Los Angeles Angels,Oakland Athletics
718770,2023-03-30,Arizona Diamondbacks,Los Angeles Dodgers
718767,2023-03-30,Cleveland Guardians,Seattle Mariners
717236,2023-07-28,Detroit Tigers,Miami Marlins
717234,2023-07-28,Philadelphia Phillies,Pittsburgh Pirates
717237,2023-07-28,New York Yankees,Baltimore Orioles
717235,2023-07-28,Los Angeles Angels,Toronto Blue Jays
717230,2023-07-28,Washington Nationals,New York Mets
717228,2023-07-28,Cleveland Guardians,Chicago White Sox
717231,2023-07-28,Milwaukee Brewers,Atlanta Braves
717229,2023-07-28,Tampa Bay Rays,Houston Astros
717232,2023-07-28,Minnesota Twins,Kansas City Royals
717226,2023-07-28,Chicago Cubs,St. Louis Cardinals
717227,2023-07-28,Oakland Athletics,Colorado Rockies
717223,2023-07-28,Seattle Mariners,Arizona Diamondbacks
717224,2023-07-28,Texas Rangers,San Diego Padres
717225,2023-07-28,Cincinnati Reds,Los Angeles Dodgers
717220,2023-07-28,Boston Red Sox,San Francisco Giants
717222,2023-07-29,Los Angeles Angels,Toronto Blue Jays
717218,2023-07-29,Detroit Tigers,Miami Marlins
717216,2023-07-29,Philadelphia Phillies,Pittsburgh Pirates
717215,2023-07-29,Washington Nationals,New York Mets
717207,2023-07-29,Minnesota Twins,Kansas City Royals
717217,2023-07-29,Cleveland Guardians,Chicago White Sox
717221,2023-07-29,Boston Red Sox,San Francisco Giants
717213,2023-07-29,Chicago Cubs,St. Louis Cardinals
717214,2023-07-29,Tampa Bay Rays,Houston Astros
717219,2023-07-29,New York Yankees,Baltimore Orioles
717211,2023-07-29,Milwaukee Brewers,Atlanta Braves
717212,2023-07-29,Oakland Athletics,Colorado Rockies
717210,2023-07-29,Seattle Mariners,Arizona Diamondbacks
717209,2023-07-29,Texas Rangers,San Diego Padres
717205,2023-07-29,Cincinnati Reds,Los Angeles Dodgers
717201,2023-07-30,Los Angeles Angels,Toronto Blue Jays
717208,2023-07-30,Philadelphia Phillies,Pittsburgh Pirates
717206,2023-07-30,Milwaukee Brewers,Atlanta Braves
717203,2023-07-30,Washington Nationals,New York Mets
717202,2023-07-30,Detroit Tigers,Miami Marlins
717196,2023-07-30,Tampa Bay Rays,Houston Astros
717198,2023-07-30,Minnesota Twins,Kansas City Royals
717204,2023-07-30,Cleveland Guardians,Chicago White Sox
717195,2023-07-30,Chicago Cubs,St. Louis Cardinals
717199,2023-07-30,Oakland Athletics,Colorado Rockies
717197,2023-07-30,Boston Red Sox,San Francisco Giants
717194,2023-07-30,Cincinnati Reds,Los Angeles Dodgers
717193,2023-07-30,Seattle Mariners,Arizona Diamondbacks
717191,2023-07-30,Texas Rangers,San Diego Padres
717200,2023-07-30,New York Yankees,Baltimore Orioles
717189,2023-07-31,Philadelphia Phillies,Miami Marlins
717185,2023-07-31,Tampa Bay Rays,New York Yankees
717192,2023-07-31,Milwaukee Brewers,Washington Nationals
717186,2023-07-31,Baltimore Orioles,Toronto Blue Jays
717187,2023-07-31,Los Angeles Angels,Atlanta Braves
717188,2023-07-31,Cincinnati Reds,Chicago Cubs
717184,2023-07-31,Cleveland Guardians,Houston Astros
717179,2023-07-31,San Diego Padres,Colorado Rockies
717181,2023-07-31,Boston Red Sox,Seattle Mariners
717190,2023-07-31,Arizona Diamondbacks,San Francisco Giants
