game_pk,date,away_team,home_team,home_fir,away_fir
718780,2023-03-30,Atlanta Braves,Washington Nationals,0,0
718781,2023-03-30,San Francisco Giants,New York Yankees,1,0
718782,2023-03-30,Baltimore Orioles,Boston Red Sox,0,1
718777,2023-03-30,Milwaukee Brewers,Chicago Cubs,0,0
718776,2023-03-30,Detroit Tigers,Tampa Bay Rays,0,0
718779,2023-03-30,Philadelphia Phillies,Texas Rangers,0,0
718773,2023-03-30,Pittsburgh Pirates,Cincinnati Reds,0,0
718772,2023-03-30,Toronto Blue Jays,St. Louis Cardinals,1,3
718775,2023-03-30,Minnesota Twins,Kansas City Royals,0,0
718774,2023-03-30,New York Mets,Miami Marlins,0,0
718768,2023-03-30,Chicago White Sox,Houston Astros,0,0
718778,2023-03-30,Colorado Rockies,San Diego Padres,1,1
718769,2023-03-30,Los Angeles Angels,Oakland Athletics,0,0
718770,2023-03-30,Arizona Diamondbacks,Los Angeles Dodgers,0,0
718767,2023-03-30,Cleveland Guardians,Seattle Mariners,0,0
718771,2023-03-31,New York Mets,Miami Marlins,0,0
718764,2023-03-31,Chicago White Sox,Houston Astros,0,0
718766,2023-03-31,Colorado Rockies,San Diego Padres,0,2
718765,2023-03-31,Arizona Diamondbacks,Los Angeles Dodgers,0,0
718763,2023-03-31,Cleveland Guardians,Seattle Mariners,0,0
718760,2023-04-01,Chicago White Sox,Houston Astros,2,0
718759,2023-04-01,Toronto Blue Jays,St. Louis Cardinals,0,0
718758,2023-04-01,Milwaukee Brewers,Chicago Cubs,0,0
718752,2023-04-01,Philadelphia Phillies,Texas Rangers,2,0
718753,2023-04-01,Atlanta Braves,Washington Nationals,0,2
718762,2023-04-01,San Francisco Giants,New York Yankees,1,0
718757,2023-04-01,Los Angeles Angels,Oakland Athletics,0,0
718761,2023-04-01,Baltimore Orioles,Boston Red Sox,0,3
718756,2023-04-01,Pittsburgh Pirates,Cincinnati Reds,0,1
718754,2023-04-01,Detroit Tigers,Tampa Bay Rays,1,0
718751,2023-04-01,Minnesota Twins,Kansas City Royals,0,0
718755,2023-04-01,New York Mets,Miami Marlins,0,0
718750,2023-04-01,Colorado Rockies,San Diego Padres,2,0
718749,2023-04-01,Arizona Diamondbacks,Los Angeles Dodgers,5,0
718746,2023-04-01,Cleveland Guardians,Seattle Mariners,0,0
718742,2023-04-02,Detroit Tigers,Tampa Bay Rays,0,0
718748,2023-04-02,Baltimore Orioles,Boston Red Sox,0,0
718743,2023-04-02,Atlanta Braves,Washington Nationals,0,0
718747,2023-04-02,San Francisco Giants,New York Yankees,0,0
718744,2023-04-02,Pittsburgh Pirates,Cincinnati Reds,0,0
718741,2023-04-02,New York Mets,Miami Marlins,1,2
718745,2023-04-02,Minnesota Twins,Kansas City Royals,0,0
718740,2023-04-02,Chicago White Sox,Houston Astros,0,0
718737,2023-04-02,Toronto Blue Jays,St. Louis Cardinals,2,0
718738,2023-04-02,Milwaukee Brewers,Chicago Cubs,0,0
718734,2023-04-02,Los Angeles Angels,Oakland Athletics,0,0
718736,2023-04-02,Arizona Diamondbacks,Los Angeles Dodgers,0,0
718733,2023-04-02,Colorado Rockies,San Diego Padres,0,0
718735,2023-04-02,Cleveland Guardians,Seattle Mariners,0,0
718739,2023-04-02,Philadelphia Phillies,Texas Rangers,0,0
718731,2023-04-03,New York Mets,Milwaukee Brewers,0,0
718730,2023-04-03,San Francisco Giants,Chicago White Sox,0,0
718728,2023-04-03,Chicago Cubs,Cincinnati Reds,1,3
718729,2023-04-03,Minnesota Twins,Miami Marlins,0,0
718732,2023-04-03,Tampa Bay Rays,Washington Nationals,0,0
718725,2023-04-03,Philadelphia Phillies,New York Yankees,2,0
718724,2023-04-03,Pittsburgh Pirates,Boston Red Sox,3,3
718719,2023-04-03,Toronto Blue Jays,Kansas City Royals,2,0
718727,2023-04-03,Atlanta Braves,St. Louis Cardinals,0,1
718726,2023-04-03,Baltimore Orioles,Texas Rangers,0,0
718723,2023-04-03,Detroit Tigers,Houston Astros,0,0
718721,2023-04-03,Cleveland Guardians,Oakland Athletics,0,2
718722,2023-04-03,Arizona Diamondbacks,San Diego Padres,2,0
718720,2023-04-03,Los Angeles Angels,Seattle Mariners,1,0
718718,2023-04-03,Colorado Rockies,Los Angeles Dodgers,0,0
718717,2023-04-04,Arizona Diamondbacks,San Diego Padres,0,0
718716,2023-04-04,Chicago Cubs,Cincinnati Reds,1,1
718714,2023-04-04,Minnesota Twins,Miami Marlins,0,0
718715,2023-04-04,Tampa Bay Rays,Washington Nationals,2,3
718710,2023-04-04,Philadelphia Phillies,New York Yankees,0,1
718713,2023-04-04,Pittsburgh Pirates,Boston Red Sox,0,0
718708,2023-04-04,Toronto Blue Jays,Kansas City Royals,0,0
718712,2023-04-04,New York Mets,Milwaukee Brewers,0,0
718711,2023-04-04,Atlanta Braves,St. Louis Cardinals,0,0
718709,2023-04-04,Baltimore Orioles,Texas Rangers,0,0
718705,2023-04-04,Detroit Tigers,Houston Astros,0,1
718707,2023-04-04,Cleveland Guardians,Oakland Athletics,0,0
718706,2023-04-04,Los Angeles Angels,Seattle Mariners,1,0
718703,2023-04-04,Colorado Rockies,Los Angeles Dodgers,0,0
718704,2023-04-05,Tampa Bay Rays,Washington Nationals,0,0
718699,2023-04-05,Philadelphia Phillies,New York Yankees,0,0
718701,2023-04-05,Minnesota Twins,Miami Marlins,0,0
718697,2023-04-05,Atlanta Braves,St. Louis Cardinals,0,2
718702,2023-04-05,Pittsburgh Pirates,Boston Red Sox,0,0
718698,2023-04-05,New York Mets,Milwaukee Brewers,0,1
718694,2023-04-05,Baltimore Orioles,Texas Rangers,2,0
718696,2023-04-05,Detroit Tigers,Houston Astros,0,0
718695,2023-04-05,San Francisco Giants,Chicago White Sox,0,0
718689,2023-04-05,Cleveland Guardians,Oakland Athletics,0,0
718691,2023-04-05,Los Angeles Angels,Seattle Mariners,1,0
718692,2023-04-05,Toronto Blue Jays,Kansas City Royals,0,0
718690,2023-04-06,Boston Red Sox,Detroit Tigers,0,0
718686,2023-04-06,Toronto Blue Jays,Kansas City Royals,0,0
718687,2023-04-06,San Francisco Giants,Chicago White Sox,0,3
718682,2023-04-06,Washington Nationals,Colorado Rockies,0,0
718681,2023-04-06,San Diego Padres,Atlanta Braves,0,0
718683,2023-04-06,Los Angeles Dodgers,Arizona Diamondbacks,0,0
718693,2023-04-07,Miami Marlins,New York Mets,0,0
718685,2023-04-07,Cincinnati Reds,Philadelphia Phillies,0,0
718688,2023-04-07,New York Yankees,Baltimore Orioles,0,0
718684,2023-04-07,Houston Astros,Minnesota Twins,0,0
718693,2023-04-07,Miami Marlins,New York Mets,0,0
718675,2023-04-07,Texas Rangers,Chicago Cubs,0,0
718685,2023-04-07,Cincinnati Reds,Philadelphia Phillies,0,0
718688,2023-04-07,New York Yankees,Baltimore Orioles,0,0
718677,2023-04-07,Seattle Mariners,Cleveland Guardians,1,0
718684,2023-04-07,Houston Astros,Minnesota Twins,0,0
718679,2023-04-07,Chicago White Sox,Pittsburgh Pirates,0,0
718680,2023-04-07,Kansas City Royals,San Francisco Giants,0,0
718678,2023-04-07,Oakland Athletics,Tampa Bay Rays,0,0
718676,2023-04-07,San Diego Padres,Atlanta Braves,0,2
718674,2023-04-07,St. Louis Cardinals,Milwaukee Brewers,0,0
718673,2023-04-07,Washington Nationals,Colorado Rockies,0,0
718670,2023-04-07,Toronto Blue Jays,Los Angeles Angels,0,0
718671,2023-04-07,Los Angeles Dodgers,Arizona Diamondbacks,1,1
718666,2023-04-08,Houston Astros,Minnesota Twins,0,0
718672,2023-04-08,Kansas City Royals,San Francisco Giants,0,0
718669,2023-04-08,Texas Rangers,Chicago Cubs,0,0
718668,2023-04-08,Cincinnati Reds,Philadelphia Phillies,0,1
718667,2023-04-08,Boston Red Sox,Detroit Tigers,0,0
718665,2023-04-08,Oakland Athletics,Tampa Bay Rays,0,0
718661,2023-04-08,Miami Marlins,New York Mets,1,0
718663,2023-04-08,Seattle Mariners,Cleveland Guardians,0,2
718662,2023-04-08,Chicago White Sox,Pittsburgh Pirates,0,0
718664,2023-04-08,New York Yankees,Baltimore Orioles,1,0
718660,2023-04-08,St. Louis Cardinals,Milwaukee Brewers,0,2
718659,2023-04-08,San Diego Padres,Atlanta Braves,0,0
718656,2023-04-08,Los Angeles Dodgers,Arizona Diamondbacks,0,4
718658,2023-04-08,Washington Nationals,Colorado Rockies,0,0
718657,2023-04-08,Toronto Blue Jays,Los Angeles Angels,0,0
718652,2023-04-09,Cincinnati Reds,Philadelphia Phillies,0,0
718654,2023-04-09,Boston Red Sox,Detroit Tigers,0,0
718655,2023-04-09,Oakland Athletics,Tampa Bay Rays,1,0
718653,2023-04-09,Chicago White Sox,Pittsburgh Pirates,0,0
718651,2023-04-09,New York Yankees,Baltimore Orioles,0,1
718646,2023-04-09,Seattle Mariners,Cleveland Guardians,0,0
718647,2023-04-09,Miami Marlins,New York Mets,0,3
718649,2023-04-09,Houston Astros,Minnesota Twins,0,0
718650,2023-04-09,St. Louis Cardinals,Milwaukee Brewers,0,0
718642,2023-04-09,Texas Rangers,Chicago Cubs,0,0
718645,2023-04-09,Washington Nationals,Colorado Rockies,0,0
718643,2023-04-09,Kansas City Royals,San Francisco Giants,0,0
718644,2023-04-09,Toronto Blue Jays,Los Angeles Angels,3,0
718639,2023-04-09,Los Angeles Dodgers,Arizona Diamondbacks,0,1
718648,2023-04-09,San Diego Padres,Atlanta Braves,0,0
718640,2023-04-10,Chicago White Sox,Minnesota Twins,0,0
718637,2023-04-10,New York Yankees,Cleveland Guardians,0,0
718635,2023-04-10,Oakland Athletics,Baltimore Orioles,2,1
718632,2023-04-10,Houston Astros,Pittsburgh Pirates,0,0
718638,2023-04-10,Boston Red Sox,Tampa Bay Rays,0,0
718633,2023-04-10,Miami Marlins,Philadelphia Phillies,0,0
718634,2023-04-10,San Diego Padres,New York Mets,0,0
718636,2023-04-10,Cincinnati Reds,Atlanta Braves,0,0
718628,2023-04-10,Seattle Mariners,Chicago Cubs,0,0
718630,2023-04-10,Kansas City Royals,Texas Rangers,0,0
718629,2023-04-10,St. Louis Cardinals,Colorado Rockies,0,0
718631,2023-04-10,Washington Nationals,Los Angeles Angels,0,0
718627,2023-04-10,Milwaukee Brewers,Arizona Diamondbacks,0,0
718641,2023-04-10,Los Angeles Dodgers,San Francisco Giants,0,1
718626,2023-04-11,New York Yankees,Cleveland Guardians,0,0
718618,2023-04-11,Oakland Athletics,Baltimore Orioles,0,0
718623,2023-04-11,Houston Astros,Pittsburgh Pirates,0,1
718625,2023-04-11,Boston Red Sox,Tampa Bay Rays,0,0
718619,2023-04-11,Miami Marlins,Philadelphia Phillies,0,0
718622,2023-04-11,Detroit Tigers,Toronto Blue Jays,0,0
718621,2023-04-11,San Diego Padres,New York Mets,0,0
718620,2023-04-11,Cincinnati Reds,Atlanta Braves,0,0
718617,2023-04-11,Seattle Mariners,Chicago Cubs,0,2
718616,2023-04-11,Chicago White Sox,Minnesota Twins,0,2
718615,2023-04-11,Kansas City Royals,Texas Rangers,0,0
718613,2023-04-11,St. Louis Cardinals,Colorado Rockies,0,1
718614,2023-04-11,Washington Nationals,Los Angeles Angels,0,0
718611,2023-04-11,Milwaukee Brewers,Arizona Diamondbacks,0,0
718624,2023-04-11,Los Angeles Dodgers,San Francisco Giants,2,0
718608,2023-04-12,Houston Astros,Pittsburgh Pirates,0,0
718610,2023-04-12,San Diego Padres,New York Mets,0,2
718605,2023-04-12,Chicago White Sox,Minnesota Twins,0,0
718604,2023-04-12,New York Yankees,Cleveland Guardians,1,0
718606,2023-04-12,Seattle Mariners,Chicago Cubs,0,0
718607,2023-04-12,St. Louis Cardinals,Colorado Rockies,1,0
718598,2023-04-12,Milwaukee Brewers,Arizona Diamondbacks,0,0
718609,2023-04-12,Miami Marlins,Philadelphia Phillies,0,0
718602,2023-04-12,Washington Nationals,Los Angeles Angels,0,0
718599,2023-04-12,Oakland Athletics,Baltimore Orioles,0,3
718600,2023-04-12,Boston Red Sox,Tampa Bay Rays,3,0
718603,2023-04-12,Detroit Tigers,Toronto Blue Jays,0,0
718601,2023-04-12,Cincinnati Reds,Atlanta Braves,0,2
718595,2023-04-12,Kansas City Royals,Texas Rangers,0,0
718612,2023-04-12,Los Angeles Dodgers,San Francisco Giants,2,0
718596,2023-04-13,Oakland Athletics,Baltimore Orioles,0,1
718594,2023-04-13,Boston Red Sox,Tampa Bay Rays,0,0
718597,2023-04-13,Philadelphia Phillies,Cincinnati Reds,1,1
718590,2023-04-13,Minnesota Twins,New York Yankees,0,9
718593,2023-04-13,Detroit Tigers,Toronto Blue Jays,0,0
718591,2023-04-13,Pittsburgh Pirates,St. Louis Cardinals,0,0
718589,2023-04-13,Milwaukee Brewers,San Diego Padres,1,2
718585,2023-04-14,San Francisco Giants,Detroit Tigers,0,1
718586,2023-04-14,Philadelphia Phillies,Cincinnati Reds,0,0
718584,2023-04-14,Arizona Diamondbacks,Miami Marlins,0,0
718592,2023-04-14,Cleveland Guardians,Washington Nationals,0,0
718588,2023-04-14,Minnesota Twins,New York Yankees,1,0
718587,2023-04-14,Tampa Bay Rays,Toronto Blue Jays,1,0
718580,2023-04-14,Los Angeles Angels,Boston Red Sox,0,0
718583,2023-04-14,Baltimore Orioles,Chicago White Sox,0,0
718581,2023-04-14,Texas Rangers,Houston Astros,0,0
718579,2023-04-14,Atlanta Braves,Kansas City Royals,0,3
718582,2023-04-14,Pittsburgh Pirates,St. Louis Cardinals,0,0
718578,2023-04-14,New York Mets,Oakland Athletics,0,0
718574,2023-04-14,Milwaukee Brewers,San Diego Padres,0,3
718575,2023-04-14,Chicago Cubs,Los Angeles Dodgers,0,0
718577,2023-04-14,Colorado Rockies,Seattle Mariners,0,0
718572,2023-04-15,Minnesota Twins,New York Yankees,0,0
718571,2023-04-15,San Francisco Giants,Detroit Tigers,0,2
718570,2023-04-15,Baltimore Orioles,Chicago White Sox,0,0
718568,2023-04-15,Pittsburgh Pirates,St. Louis Cardinals,2,1
718569,2023-04-15,Tampa Bay Rays,Toronto Blue Jays,0,0
718573,2023-04-15,Cleveland Guardians,Washington Nationals,3,0
718560,2023-04-15,Milwaukee Brewers,San Diego Padres,2,2
718565,2023-04-15,New York Mets,Oakland Athletics,0,0
718576,2023-04-15,Los Angeles Angels,Boston Red Sox,2,4
718566,2023-04-15,Philadelphia Phillies,Cincinnati Reds,0,0
718563,2023-04-15,Atlanta Braves,Kansas City Royals,0,1
718567,2023-04-15,Arizona Diamondbacks,Miami Marlins,0,1
718562,2023-04-15,Texas Rangers,Houston Astros,0,0
718564,2023-04-15,Chicago Cubs,Los Angeles Dodgers,0,0
718561,2023-04-15,Colorado Rockies,Seattle Mariners,0,0
718559,2023-04-16,Los Angeles Angels,Boston Red Sox,0,0
718555,2023-04-16,Cleveland Guardians,Washington Nationals,0,0
718557,2023-04-16,Minnesota Twins,New York Yankees,0,0
718556,2023-04-16,Tampa Bay Rays,Toronto Blue Jays,1,3
718554,2023-04-16,Philadelphia Phillies,Cincinnati Reds,0,9
718550,2023-04-16,Arizona Diamondbacks,Miami Marlins,0,0
718551,2023-04-16,Atlanta Braves,Kansas City Royals,0,0
718553,2023-04-16,Baltimore Orioles,Chicago White Sox,4,0
718548,2023-04-16,Pittsburgh Pirates,St. Louis Cardinals,1,1
718546,2023-04-16,New York Mets,Oakland Athletics,0,0
718547,2023-04-16,Chicago Cubs,Los Angeles Dodgers,0,0
718545,2023-04-16,Colorado Rockies,Seattle Mariners,0,0
718549,2023-04-16,Milwaukee Brewers,San Diego Padres,0,0
718552,2023-04-16,Texas Rangers,Houston Astros,0,0
718540,2023-04-17,Los Angeles Angels,Boston Red Sox,0,4
718542,2023-04-17,Tampa Bay Rays,Cincinnati Reds,0,0
718544,2023-04-17,San Francisco Giants,Miami Marlins,0,0
718539,2023-04-17,Texas Rangers,Kansas City Royals,0,3
718538,2023-04-17,Arizona Diamondbacks,St. Louis Cardinals,0,1
718537,2023-04-17,Toronto Blue Jays,Houston Astros,2,0
718535,2023-04-17,Pittsburgh Pirates,Colorado Rockies,0,0
718536,2023-04-17,Chicago Cubs,Oakland Athletics,0,0
718533,2023-04-17,Atlanta Braves,San Diego Padres,0,2
718534,2023-04-17,Milwaukee Brewers,Seattle Mariners,0,0
718532,2023-04-17,New York Mets,Los Angeles Dodgers,1,0
718541,2023-04-18,Cleveland Guardians,Detroit Tigers,0,0
718543,2023-04-18,Philadelphia Phillies,Chicago White Sox,0,0
718530,2023-04-18,Cleveland Guardians,Detroit Tigers,1,0
718541,2023-04-18,Cleveland Guardians,Detroit Tigers,0,0
718525,2023-04-18,Philadelphia Phillies,Chicago White Sox,0,3
718543,2023-04-18,Philadelphia Phillies,Chicago White Sox,0,0
718526,2023-04-18,Tampa Bay Rays,Cincinnati Reds,0,0
718528,2023-04-18,San Francisco Giants,Miami Marlins,0,2
718531,2023-04-18,Baltimore Orioles,Washington Nationals,0,0
718529,2023-04-18,Los Angeles Angels,New York Yankees,0,2
718524,2023-04-18,Minnesota Twins,Boston Red Sox,1,0
718522,2023-04-18,Texas Rangers,Kansas City Royals,1,0
718527,2023-04-18,Arizona Diamondbacks,St. Louis Cardinals,0,0
718520,2023-04-18,Toronto Blue Jays,Houston Astros,0,0
718521,2023-04-18,Pittsburgh Pirates,Colorado Rockies,0,0
718523,2023-04-18,Chicago Cubs,Oakland Athletics,0,0
718519,2023-04-18,Atlanta Braves,San Diego Padres,0,0
718517,2023-04-18,Milwaukee Brewers,Seattle Mariners,0,1
718516,2023-04-18,New York Mets,Los Angeles Dodgers,2,0
718515,2023-04-19,Tampa Bay Rays,Cincinnati Reds,0,6
718513,2023-04-19,Cleveland Guardians,Detroit Tigers,0,0
718511,2023-04-19,San Francisco Giants,Miami Marlins,0,0
718512,2023-04-19,Arizona Diamondbacks,St. Louis Cardinals,2,0
718514,2023-04-19,Texas Rangers,Kansas City Royals,0,0
718510,2023-04-19,Philadelphia Phillies,Chicago White Sox,0,1
718508,2023-04-19,New York Mets,Los Angeles Dodgers,0,0
718509,2023-04-19,Pittsburgh Pirates,Colorado Rockies,0,5
718506,2023-04-19,Chicago Cubs,Oakland Athletics,0,0
718507,2023-04-19,Atlanta Braves,San Diego Padres,0,0
718502,2023-04-19,Milwaukee Brewers,Seattle Mariners,0,0
718518,2023-04-19,Baltimore Orioles,Washington Nationals,0,0
718504,2023-04-19,Los Angeles Angels,New York Yankees,2,0
718505,2023-04-19,Minnesota Twins,Boston Red Sox,0,3
718501,2023-04-19,Toronto Blue Jays,Houston Astros,0,0
718497,2023-04-20,Minnesota Twins,Boston Red Sox,0,0
718496,2023-04-20,Los Angeles Angels,New York Yankees,1,0
718500,2023-04-20,Cincinnati Reds,Pittsburgh Pirates,4,0
718498,2023-04-20,Colorado Rockies,Philadelphia Phillies,0,2
718499,2023-04-20,Los Angeles Dodgers,Chicago Cubs,0,0
718494,2023-04-20,San Diego Padres,Arizona Diamondbacks,0,0
718503,2023-04-20,New York Mets,San Francisco Giants,0,0
718491,2023-04-21,Los Angeles Dodgers,Chicago Cubs,2,0
718492,2023-04-21,Cincinnati Reds,Pittsburgh Pirates,0,0
718486,2023-04-21,Chicago White Sox,Tampa Bay Rays,0,0
718495,2023-04-21,Detroit Tigers,Baltimore Orioles,0,0
718493,2023-04-21,Colorado Rockies,Philadelphia Phillies,0,3
718487,2023-04-21,Toronto Blue Jays,New York Yankees,0,2
718489,2023-04-21,Houston Astros,Atlanta Braves,1,1
718490,2023-04-21,Oakland Athletics,Texas Rangers,4,0
718482,2023-04-21,Washington Nationals,Minnesota Twins,0,0
718483,2023-04-21,Boston Red Sox,Milwaukee Brewers,0,0
718485,2023-04-21,Kansas City Royals,Los Angeles Angels,0,0
718484,2023-04-21,San Diego Padres,Arizona Diamondbacks,0,0
718481,2023-04-21,St. Louis Cardinals,Seattle Mariners,0,0
718480,2023-04-21,New York Mets,San Francisco Giants,0,0
718488,2023-04-22,Miami Marlins,Cleveland Guardians,0,0
718476,2023-04-22,Toronto Blue Jays,New York Yankees,0,0
718468,2023-04-22,Washington Nationals,Minnesota Twins,0,2
718479,2023-04-22,Los Angeles Dodgers,Chicago Cubs,0,0
718475,2023-04-22,Colorado Rockies,Philadelphia Phillies,0,0
718473,2023-04-22,Miami Marlins,Cleveland Guardians,0,0
718488,2023-04-22,Miami Marlins,Cleveland Guardians,0,0
718478,2023-04-22,New York Mets,San Francisco Giants,0,0
718477,2023-04-22,Chicago White Sox,Tampa Bay Rays,2,0
718474,2023-04-22,Cincinnati Reds,Pittsburgh Pirates,0,0
718472,2023-04-22,Detroit Tigers,Baltimore Orioles,0,0
718469,2023-04-22,Oakland Athletics,Texas Rangers,2,2
718470,2023-04-22,Boston Red Sox,Milwaukee Brewers,0,0
718471,2023-04-22,Houston Astros,Atlanta Braves,0,0
718467,2023-04-22,San Diego Padres,Arizona Diamondbacks,1,2
718466,2023-04-22,Kansas City Royals,Los Angeles Angels,0,0
718464,2023-04-22,St. Louis Cardinals,Seattle Mariners,0,1
718458,2023-04-23,Colorado Rockies,Philadelphia Phillies,0,0
718459,2023-04-23,Detroit Tigers,Baltimore Orioles,0,0
718463,2023-04-23,Cincinnati Reds,Pittsburgh Pirates,0,0
718462,2023-04-23,Houston Astros,Atlanta Braves,0,0
718465,2023-04-23,Toronto Blue Jays,New York Yankees,0,0
718457,2023-04-23,Chicago White Sox,Tampa Bay Rays,0,0
718460,2023-04-23,Miami Marlins,Cleveland Guardians,0,0
718454,2023-04-23,Washington Nationals,Minnesota Twins,0,0
718461,2023-04-23,Boston Red Sox,Milwaukee Brewers,0,1
718451,2023-04-23,Los Angeles Dodgers,Chicago Cubs,0,0
718453,2023-04-23,Oakland Athletics,Texas Rangers,0,0
718452,2023-04-23,Kansas City Royals,Los Angeles Angels,1,1
718456,2023-04-23,San Diego Padres,Arizona Diamondbacks,0,3
718450,2023-04-23,St. Louis Cardinals,Seattle Mariners,0,2
718455,2023-04-23,New York Mets,San Francisco Giants,0,0
718448,2023-04-24,Colorado Rockies,Cleveland Guardians,0,1
718447,2023-04-24,Boston Red Sox,Baltimore Orioles,0,0
718449,2023-04-24,Houston Astros,Tampa Bay Rays,0,2
718445,2023-04-24,Texas Rangers,Cincinnati Reds,0,0
718444,2023-04-24,Chicago White Sox,Toronto Blue Jays,0,0
718443,2023-04-24,Miami Marlins,Atlanta Braves,0,0
718442,2023-04-24,New York Yankees,Minnesota Twins,0,0
718441,2023-04-24,Detroit Tigers,Milwaukee Brewers,0,0
718437,2023-04-24,Oakland Athletics,Los Angeles Angels,0,2
718438,2023-04-24,Kansas City Royals,Arizona Diamondbacks,0,1
718446,2023-04-24,St. Louis Cardinals,San Francisco Giants,0,0
718440,2023-04-25,Colorado Rockies,Cleveland Guardians,0,1
718435,2023-04-25,Boston Red Sox,Baltimore Orioles,0,0
718432,2023-04-25,Los Angeles Dodgers,Pittsburgh Pirates,0,2
718436,2023-04-25,Houston Astros,Tampa Bay Rays,0,0
718434,2023-04-25,Texas Rangers,Cincinnati Reds,0,0
718430,2023-04-25,Seattle Mariners,Philadelphia Phillies,0,0
718433,2023-04-25,Chicago White Sox,Toronto Blue Jays,0,0
718431,2023-04-25,Washington Nationals,New York Mets,0,0
718429,2023-04-25,Miami Marlins,Atlanta Braves,0,0
718426,2023-04-25,San Diego Padres,Chicago Cubs,0,0
718427,2023-04-25,New York Yankees,Minnesota Twins,0,1
718428,2023-04-25,Detroit Tigers,Milwaukee Brewers,0,0
718425,2023-04-25,Oakland Athletics,Los Angeles Angels,4,1
718422,2023-04-25,Kansas City Royals,Arizona Diamondbacks,0,1
718439,2023-04-25,St. Louis Cardinals,San Francisco Giants,0,0
718424,2023-04-26,Texas Rangers,Cincinnati Reds,0,0
718416,2023-04-26,Boston Red Sox,Baltimore Orioles,1,0
718420,2023-04-26,Chicago White Sox,Toronto Blue Jays,0,0
718421,2023-04-26,Colorado Rockies,Cleveland Guardians,0,0
718417,2023-04-26,New York Yankees,Minnesota Twins,0,0
718419,2023-04-26,Detroit Tigers,Milwaukee Brewers,3,0
718418,2023-04-26,Kansas City Royals,Arizona Diamondbacks,0,0
718413,2023-04-26,Los Angeles Dodgers,Pittsburgh Pirates,0,0
718414,2023-04-26,Houston Astros,Tampa Bay Rays,0,0
718415,2023-04-26,Seattle Mariners,Philadelphia Phillies,0,0
718412,2023-04-26,Washington Nationals,New York Mets,0,0
718411,2023-04-26,Miami Marlins,Atlanta Braves,0,0
718407,2023-04-26,San Diego Padres,Chicago Cubs,0,0
718408,2023-04-26,Oakland Athletics,Los Angeles Angels,0,1
718423,2023-04-26,St. Louis Cardinals,San Francisco Giants,0,1
718410,2023-04-27,Miami Marlins,Atlanta Braves,0,0
718403,2023-04-27,Los Angeles Dodgers,Pittsburgh Pirates,3,2
718404,2023-04-27,Seattle Mariners,Philadelphia Phillies,0,0
718406,2023-04-27,San Diego Padres,Chicago Cubs,0,0
718409,2023-04-27,St. Louis Cardinals,San Francisco Giants,0,0
718402,2023-04-27,Oakland Athletics,Los Angeles Angels,0,0
718405,2023-04-27,Baltimore Orioles,Detroit Tigers,0,0
718398,2023-04-27,Washington Nationals,New York Mets,0,0
718396,2023-04-27,Tampa Bay Rays,Chicago White Sox,0,0
718400,2023-04-27,Kansas City Royals,Minnesota Twins,0,0
718397,2023-04-27,New York Yankees,Texas Rangers,0,0
718387,2023-04-28,Kansas City Royals,Minnesota Twins,0,0
718391,2023-04-28,Chicago Cubs,Miami Marlins,0,0
718392,2023-04-28,Seattle Mariners,Toronto Blue Jays,0,0
718395,2023-04-28,Cleveland Guardians,Boston Red Sox,0,2
718394,2023-04-28,Atlanta Braves,New York Mets,0,0
718393,2023-04-28,Tampa Bay Rays,Chicago White Sox,1,1
718388,2023-04-28,New York Yankees,Texas Rangers,0,0
718389,2023-04-28,Philadelphia Phillies,Houston Astros,0,0
718386,2023-04-28,Los Angeles Angels,Milwaukee Brewers,0,0
718390,2023-04-28,Arizona Diamondbacks,Colorado Rockies,0,0
718380,2023-04-28,Cincinnati Reds,Oakland Athletics,0,0
718382,2023-04-28,St. Louis Cardinals,Los Angeles Dodgers,0,1
718401,2023-04-29,Baltimore Orioles,Detroit Tigers,0,0
718399,2023-04-29,Pittsburgh Pirates,Washington Nationals,0,1
718381,2023-04-29,Baltimore Orioles,Detroit Tigers,1,0
718401,2023-04-29,Baltimore Orioles,Detroit Tigers,0,0
718383,2023-04-29,Pittsburgh Pirates,Washington Nationals,0,0
718399,2023-04-29,Pittsburgh Pirates,Washington Nationals,0,1
718378,2023-04-29,Kansas City Royals,Minnesota Twins,0,0
718379,2023-04-29,Seattle Mariners,Toronto Blue Jays,0,0
718375,2023-04-29,Chicago Cubs,Miami Marlins,5,0
718377,2023-04-29,Cincinnati Reds,Oakland Athletics,0,0
718385,2023-04-29,Cleveland Guardians,Boston Red Sox,0,0
718372,2023-04-29,Philadelphia Phillies,Houston Astros,0,0
718384,2023-04-29,San Francisco Giants,San Diego Padres,2,0
718374,2023-04-29,New York Yankees,Texas Rangers,0,0
718373,2023-04-29,Tampa Bay Rays,Chicago White Sox,0,0
718376,2023-04-29,Los Angeles Angels,Milwaukee Brewers,0,0
718366,2023-04-29,Arizona Diamondbacks,Colorado Rockies,0,1
718369,2023-04-29,St. Louis Cardinals,Los Angeles Dodgers,0,0
718364,2023-04-30,Chicago Cubs,Miami Marlins,0,0
718370,2023-04-30,Cleveland Guardians,Boston Red Sox,0,0
718367,2023-04-30,Pittsburgh Pirates,Washington Nationals,0,0
718363,2023-04-30,Seattle Mariners,Toronto Blue Jays,2,4
718360,2023-04-30,Baltimore Orioles,Detroit Tigers,0,0
718362,2023-04-30,Kansas City Royals,Minnesota Twins,0,0
718355,2023-04-30,Tampa Bay Rays,Chicago White Sox,1,0
718365,2023-04-30,Los Angeles Angels,Milwaukee Brewers,0,0
718356,2023-04-30,New York Yankees,Texas Rangers,4,0
718358,2023-04-30,Arizona Diamondbacks,Colorado Rockies,0,0
718368,2023-04-30,San Francisco Giants,San Diego Padres,0,1
718357,2023-04-30,Cincinnati Reds,Oakland Athletics,0,0
718359,2023-04-30,St. Louis Cardinals,Los Angeles Dodgers,0,0
718354,2023-04-30,Philadelphia Phillies,Houston Astros,0,0
718361,2023-05-01,Atlanta Braves,New York Mets,0,0
718352,2023-05-01,Atlanta Braves,New York Mets,1,3
718361,2023-05-01,Atlanta Braves,New York Mets,0,0
718349,2023-05-01,Chicago Cubs,Washington Nationals,0,1
718351,2023-05-01,Cleveland Guardians,New York Yankees,0,0
718353,2023-05-01,Toronto Blue Jays,Boston Red Sox,2,0
718350,2023-05-01,San Francisco Giants,Houston Astros,0,0
718345,2023-05-01,Cincinnati Reds,San Diego Padres,2,0
718343,2023-05-01,Philadelphia Phillies,Los Angeles Dodgers,0,0
718347,2023-05-02,Pittsburgh Pirates,Tampa Bay Rays,0,0
718346,2023-05-02,Atlanta Braves,Miami Marlins,0,0
718344,2023-05-02,Chicago Cubs,Washington Nationals,0,0
718339,2023-05-02,Cleveland Guardians,New York Yankees,0,0
718341,2023-05-02,Toronto Blue Jays,Boston Red Sox,0,0
718340,2023-05-02,Minnesota Twins,Chicago White Sox,0,0
718336,2023-05-02,Baltimore Orioles,Kansas City Royals,1,0
718338,2023-05-02,Los Angeles Angels,St. Louis Cardinals,0,0
718342,2023-05-02,Arizona Diamondbacks,Texas Rangers,0,1
718337,2023-05-02,San Francisco Giants,Houston Astros,0,1
718334,2023-05-02,Milwaukee Brewers,Colorado Rockies,0,0
718335,2023-05-02,Cincinnati Reds,San Diego Padres,0,0
718332,2023-05-02,Seattle Mariners,Oakland Athletics,0,0
718331,2023-05-02,Philadelphia Phillies,Los Angeles Dodgers,0,0
718348,2023-05-03,New York Mets,Detroit Tigers,0,0
718348,2023-05-03,New York Mets,Detroit Tigers,0,0
718329,2023-05-03,New York Mets,Detroit Tigers,0,0
718325,2023-05-03,Arizona Diamondbacks,Texas Rangers,0,0
718326,2023-05-03,San Francisco Giants,Houston Astros,0,0
718330,2023-05-03,Cincinnati Reds,San Diego Padres,0,0
718327,2023-05-03,Philadelphia Phillies,Los Angeles Dodgers,0,1
718328,2023-05-03,Pittsburgh Pirates,Tampa Bay Rays,0,0
718321,2023-05-03,Atlanta Braves,Miami Marlins,0,0
718333,2023-05-03,Chicago Cubs,Washington Nationals,0,0
718324,2023-05-03,Cleveland Guardians,New York Yankees,0,2
718323,2023-05-03,Toronto Blue Jays,Boston Red Sox,0,0
718322,2023-05-03,Minnesota Twins,Chicago White Sox,0,0
718314,2023-05-03,Baltimore Orioles,Kansas City Royals,0,0
718320,2023-05-03,Los Angeles Angels,St. Louis Cardinals,1,0
718315,2023-05-03,Milwaukee Brewers,Colorado Rockies,0,0
718319,2023-05-03,Seattle Mariners,Oakland Athletics,0,0
718317,2023-05-04,Chicago Cubs,Washington Nationals,0,0
718318,2023-05-04,New York Mets,Detroit Tigers,2,0
718309,2023-05-04,Pittsburgh Pirates,Tampa Bay Rays,0,0
718311,2023-05-04,Los Angeles Angels,St. Louis Cardinals,2,0
718312,2023-05-04,Baltimore Orioles,Kansas City Royals,0,2
718310,2023-05-04,Minnesota Twins,Chicago White Sox,0,0
718313,2023-05-04,Milwaukee Brewers,Colorado Rockies,0,1
718304,2023-05-04,Seattle Mariners,Oakland Athletics,0,0
718308,2023-05-04,Atlanta Braves,Miami Marlins,0,1
718316,2023-05-04,Toronto Blue Jays,Boston Red Sox,1,0
718303,2023-05-05,Miami Marlins,Chicago Cubs,0,0
718307,2023-05-05,Toronto Blue Jays,Pittsburgh Pirates,0,1
718305,2023-05-05,Chicago White Sox,Cincinnati Reds,0,0
718300,2023-05-05,New York Yankees,Tampa Bay Rays,0,0
718301,2023-05-05,Boston Red Sox,Philadelphia Phillies,0,0
718302,2023-05-05,Colorado Rockies,New York Mets,0,0
718306,2023-05-05,Minnesota Twins,Cleveland Guardians,0,0
718298,2023-05-05,Baltimore Orioles,Atlanta Braves,0,0
718299,2023-05-05,Oakland Athletics,Kansas City Royals,0,1
718292,2023-05-05,Detroit Tigers,St. Louis Cardinals,0,2
718294,2023-05-05,Texas Rangers,Los Angeles Angels,0,0
718296,2023-05-05,Washington Nationals,Arizona Diamondbacks,0,1
718295,2023-05-05,Los Angeles Dodgers,San Diego Padres,0,0
718297,2023-05-05,Houston Astros,Seattle Mariners,0,0
718293,2023-05-05,Milwaukee Brewers,San Francisco Giants,0,2
718288,2023-05-06,Detroit Tigers,St. Louis Cardinals,0,0
718289,2023-05-06,Miami Marlins,Chicago Cubs,0,1
718290,2023-05-06,Colorado Rockies,New York Mets,0,0
718291,2023-05-06,New York Yankees,Tampa Bay Rays,0,0
718285,2023-05-06,Minnesota Twins,Cleveland Guardians,0,0
718286,2023-05-06,Toronto Blue Jays,Pittsburgh Pirates,0,0
718281,2023-05-06,Chicago White Sox,Cincinnati Reds,0,0
718280,2023-05-06,Oakland Athletics,Kansas City Royals,0,0
718284,2023-05-06,Boston Red Sox,Philadelphia Phillies,0,0
718283,2023-05-06,Baltimore Orioles,Atlanta Braves,0,0
718287,2023-05-06,Milwaukee Brewers,San Francisco Giants,0,0
718282,2023-05-06,Washington Nationals,Arizona Diamondbacks,1,0
718279,2023-05-06,Los Angeles Dodgers,San Diego Padres,0,0
718275,2023-05-06,Texas Rangers,Los Angeles Angels,0,0
718274,2023-05-06,Houston Astros,Seattle Mariners,0,0
718277,2023-05-07,Baltimore Orioles,Atlanta Braves,0,0
718278,2023-05-07,Toronto Blue Jays,Pittsburgh Pirates,0,1
718270,2023-05-07,Boston Red Sox,Philadelphia Phillies,0,0
718276,2023-05-07,Colorado Rockies,New York Mets,3,1
718273,2023-05-07,Minnesota Twins,Cleveland Guardians,0,0
718271,2023-05-07,New York Yankees,Tampa Bay Rays,0,0
718268,2023-05-07,Oakland Athletics,Kansas City Royals,0,0
718272,2023-05-07,Detroit Tigers,St. Louis Cardinals,1,0
718269,2023-05-07,Miami Marlins,Chicago Cubs,0,0
718267,2023-05-07,Milwaukee Brewers,San Francisco Giants,0,0
718264,2023-05-07,Texas Rangers,Los Angeles Angels,3,0
718263,2023-05-07,Washington Nationals,Arizona Diamondbacks,0,0
718265,2023-05-07,Houston Astros,Seattle Mariners,0,0
718262,2023-05-07,Chicago White Sox,Cincinnati Reds,1,0
718266,2023-05-07,Los Angeles Dodgers,San Diego Padres,0,0
718261,2023-05-08,Detroit Tigers,Cleveland Guardians,0,0
718258,2023-05-08,Colorado Rockies,Pittsburgh Pirates,0,0
718259,2023-05-08,Tampa Bay Rays,Baltimore Orioles,0,0
718255,2023-05-08,Oakland Athletics,New York Yankees,0,0
718256,2023-05-08,St. Louis Cardinals,Chicago Cubs,0,0
718253,2023-05-08,Chicago White Sox,Kansas City Royals,0,0
718257,2023-05-08,Los Angeles Dodgers,Milwaukee Brewers,0,0
718254,2023-05-08,Houston Astros,Los Angeles Angels,0,0
718251,2023-05-08,Texas Rangers,Seattle Mariners,0,0
718249,2023-05-08,Miami Marlins,Arizona Diamondbacks,0,0
718260,2023-05-08,Washington Nationals,San Francisco Giants,0,5
718248,2023-05-09,Detroit Tigers,Cleveland Guardians,0,0
718252,2023-05-09,Colorado Rockies,Pittsburgh Pirates,0,0
718246,2023-05-09,Tampa Bay Rays,Baltimore Orioles,0,0
718243,2023-05-09,New York Mets,Cincinnati Reds,1,0
718244,2023-05-09,Toronto Blue Jays,Philadelphia Phillies,0,0
718247,2023-05-09,Oakland Athletics,New York Yankees,0,0
718245,2023-05-09,Boston Red Sox,Atlanta Braves,2,0
718240,2023-05-09,St. Louis Cardinals,Chicago Cubs,1,1
718242,2023-05-09,San Diego Padres,Minnesota Twins,0,0
718238,2023-05-09,Chicago White Sox,Kansas City Royals,0,0
718241,2023-05-09,Los Angeles Dodgers,Milwaukee Brewers,0,2
718237,2023-05-09,Houston Astros,Los Angeles Angels,0,0
718239,2023-05-09,Texas Rangers,Seattle Mariners,0,0
718236,2023-05-09,Miami Marlins,Arizona Diamondbacks,0,1
718250,2023-05-09,Washington Nationals,San Francisco Giants,0,0
718231,2023-05-10,Colorado Rockies,Pittsburgh Pirates,0,0
718232,2023-05-10,Oakland Athletics,New York Yankees,0,0
718234,2023-05-10,Detroit Tigers,Cleveland Guardians,0,0
718228,2023-05-10,Los Angeles Dodgers,Milwaukee Brewers,0,0
718229,2023-05-10,Texas Rangers,Seattle Mariners,0,0
718226,2023-05-10,Miami Marlins,Arizona Diamondbacks,0,0
718230,2023-05-10,Washington Nationals,San Francisco Giants,0,0
718233,2023-05-10,Toronto Blue Jays,Philadelphia Phillies,0,0
718235,2023-05-10,Houston Astros,Los Angeles Angels,0,0
718227,2023-05-10,Tampa Bay Rays,Baltimore Orioles,0,0
718225,2023-05-10,New York Mets,Cincinnati Reds,0,0
718220,2023-05-10,Boston Red Sox,Atlanta Braves,0,0
718221,2023-05-10,St. Louis Cardinals,Chicago Cubs,0,1
718224,2023-05-10,San Diego Padres,Minnesota Twins,1,0
718222,2023-05-10,Chicago White Sox,Kansas City Royals,2,0
718223,2023-05-11,New York Mets,Cincinnati Reds,1,0
718216,2023-05-11,San Diego Padres,Minnesota Twins,0,1
718218,2023-05-11,Chicago White Sox,Kansas City Royals,0,0
718219,2023-05-11,Tampa Bay Rays,New York Yankees,0,0
718215,2023-05-11,San Francisco Giants,Arizona Diamondbacks,0,0
718217,2023-05-11,Texas Rangers,Oakland Athletics,0,0
718208,2023-05-12,Seattle Mariners,Detroit Tigers,0,1
718212,2023-05-12,Cincinnati Reds,Miami Marlins,0,0
718214,2023-05-12,New York Mets,Washington Nationals,1,0
718213,2023-05-12,Pittsburgh Pirates,Baltimore Orioles,0,0
718210,2023-05-12,Tampa Bay Rays,New York Yankees,0,1
718206,2023-05-12,Atlanta Braves,Toronto Blue Jays,0,0
718205,2023-05-12,Los Angeles Angels,Cleveland Guardians,0,0
718211,2023-05-12,St. Louis Cardinals,Boston Red Sox,0,2
718209,2023-05-12,Chicago Cubs,Minnesota Twins,0,0
718207,2023-05-12,Houston Astros,Chicago White Sox,0,0
718204,2023-05-12,Kansas City Royals,Milwaukee Brewers,1,0
718202,2023-05-12,Philadelphia Phillies,Colorado Rockies,0,0
718199,2023-05-12,San Francisco Giants,Arizona Diamondbacks,0,0
718200,2023-05-12,Texas Rangers,Oakland Athletics,1,0
718201,2023-05-12,San Diego Padres,Los Angeles Dodgers,0,0
718197,2023-05-13,Tampa Bay Rays,New York Yankees,0,0
718194,2023-05-13,Seattle Mariners,Detroit Tigers,0,0
718198,2023-05-13,Cincinnati Reds,Miami Marlins,0,0
718195,2023-05-13,Chicago Cubs,Minnesota Twins,0,0
718192,2023-05-13,Atlanta Braves,Toronto Blue Jays,0,0
718203,2023-05-13,New York Mets,Washington Nationals,1,0
718190,2023-05-13,Texas Rangers,Oakland Athletics,0,1
718196,2023-05-13,St. Louis Cardinals,Boston Red Sox,0,0
718191,2023-05-13,Los Angeles Angels,Cleveland Guardians,0,0
718193,2023-05-13,Pittsburgh Pirates,Baltimore Orioles,1,0
718183,2023-05-13,Kansas City Royals,Milwaukee Brewers,0,1
718185,2023-05-13,San Diego Padres,Los Angeles Dodgers,0,0
718189,2023-05-13,Houston Astros,Chicago White Sox,0,0
718184,2023-05-13,San Francisco Giants,Arizona Diamondbacks,0,0
718188,2023-05-13,Philadelphia Phillies,Colorado Rockies,0,4
718182,2023-05-14,Los Angeles Angels,Cleveland Guardians,0,0
718203,2023-05-13,New York Mets,Washington Nationals,1,0
718179,2023-05-14,Pittsburgh Pirates,Baltimore Orioles,0,0
718180,2023-05-14,Tampa Bay Rays,New York Yankees,0,1
718181,2023-05-14,Atlanta Braves,Toronto Blue Jays,0,1
718173,2023-05-14,Seattle Mariners,Detroit Tigers,0,0
718178,2023-05-14,Cincinnati Reds,Miami Marlins,0,0
718175,2023-05-14,Chicago Cubs,Minnesota Twins,1,0
718176,2023-05-14,Houston Astros,Chicago White Sox,0,3
718177,2023-05-14,Kansas City Royals,Milwaukee Brewers,1,1
718174,2023-05-14,Philadelphia Phillies,Colorado Rockies,0,0
718172,2023-05-14,Texas Rangers,Oakland Athletics,0,2
718168,2023-05-14,San Diego Padres,Los Angeles Dodgers,0,0
718169,2023-05-14,San Francisco Giants,Arizona Diamondbacks,0,0
718186,2023-05-14,New York Mets,Washington Nationals,0,0
718187,2023-05-14,St. Louis Cardinals,Boston Red Sox,1,1
718167,2023-05-15,New York Mets,Washington Nationals,0,0
718171,2023-05-15,Los Angeles Angels,Baltimore Orioles,0,0
718164,2023-05-15,New York Yankees,Toronto Blue Jays,0,0
718163,2023-05-15,Seattle Mariners,Boston Red Sox,0,0
718166,2023-05-15,Milwaukee Brewers,St. Louis Cardinals,3,0
718165,2023-05-15,Atlanta Braves,Texas Rangers,0,0
718158,2023-05-15,Chicago Cubs,Houston Astros,3,0
718161,2023-05-15,Cincinnati Reds,Colorado Rockies,0,0
718160,2023-05-15,Arizona Diamondbacks,Oakland Athletics,0,0
718162,2023-05-15,Kansas City Royals,San Diego Padres,1,0
718170,2023-05-15,Philadelphia Phillies,San Francisco Giants,0,0
718159,2023-05-15,Minnesota Twins,Los Angeles Dodgers,0,0
718154,2023-05-16,Los Angeles Angels,Baltimore Orioles,0,1
718155,2023-05-16,Pittsburgh Pirates,Detroit Tigers,2,0
718153,2023-05-16,Washington Nationals,Miami Marlins,0,0
718157,2023-05-16,New York Yankees,Toronto Blue Jays,0,0
718149,2023-05-16,Seattle Mariners,Boston Red Sox,0,0
718150,2023-05-16,Tampa Bay Rays,New York Mets,0,0
718151,2023-05-16,Milwaukee Brewers,St. Louis Cardinals,0,1
718148,2023-05-16,Atlanta Braves,Texas Rangers,0,0
718152,2023-05-16,Chicago Cubs,Houston Astros,1,0
718147,2023-05-16,Cleveland Guardians,Chicago White Sox,0,0
718145,2023-05-16,Cincinnati Reds,Colorado Rockies,0,0
718146,2023-05-16,Arizona Diamondbacks,Oakland Athletics,0,2
718144,2023-05-16,Kansas City Royals,San Diego Padres,0,0
718156,2023-05-16,Philadelphia Phillies,San Francisco Giants,0,0
718141,2023-05-16,Minnesota Twins,Los Angeles Dodgers,0,0
718142,2023-05-17,Pittsburgh Pirates,Detroit Tigers,0,0
718138,2023-05-17,Cincinnati Reds,Colorado Rockies,0,0
718136,2023-05-17,Minnesota Twins,Los Angeles Dodgers,0,0
718139,2023-05-17,Arizona Diamondbacks,Oakland Athletics,0,0
718143,2023-05-17,Philadelphia Phillies,San Francisco Giants,4,0
718140,2023-05-17,Kansas City Royals,San Diego Padres,0,0
718137,2023-05-17,Los Angeles Angels,Baltimore Orioles,0,0
718132,2023-05-17,Washington Nationals,Miami Marlins,0,0
718134,2023-05-17,New York Yankees,Toronto Blue Jays,0,0
718133,2023-05-17,Seattle Mariners,Boston Red Sox,3,0
718135,2023-05-17,Tampa Bay Rays,New York Mets,0,0
718131,2023-05-17,Milwaukee Brewers,St. Louis Cardinals,0,0
718126,2023-05-17,Atlanta Braves,Texas Rangers,0,0
718127,2023-05-17,Chicago Cubs,Houston Astros,0,3
718129,2023-05-17,Cleveland Guardians,Chicago White Sox,0,0
718128,2023-05-18,Los Angeles Angels,Baltimore Orioles,0,1
718122,2023-05-18,Tampa Bay Rays,New York Mets,0,1
718130,2023-05-18,Washington Nationals,Miami Marlins,0,0
718125,2023-05-18,Cleveland Guardians,Chicago White Sox,0,0
718121,2023-05-18,New York Yankees,Toronto Blue Jays,0,2
718124,2023-05-18,Los Angeles Dodgers,St. Louis Cardinals,0,2
718118,2023-05-19,Arizona Diamondbacks,Pittsburgh Pirates,0,0
718120,2023-05-19,New York Yankees,Cincinnati Reds,0,0
718117,2023-05-19,Milwaukee Brewers,Tampa Bay Rays,0,0
718123,2023-05-19,Detroit Tigers,Washington Nationals,0,3
718116,2023-05-19,Chicago Cubs,Philadelphia Phillies,0,0
718115,2023-05-19,Baltimore Orioles,Toronto Blue Jays,0,0
718119,2023-05-19,Cleveland Guardians,New York Mets,0,0
718110,2023-05-19,Seattle Mariners,Atlanta Braves,0,0
718114,2023-05-19,Colorado Rockies,Texas Rangers,0,0
718112,2023-05-19,Oakland Athletics,Houston Astros,0,0
718111,2023-05-19,Kansas City Royals,Chicago White Sox,0,0
718113,2023-05-19,Los Angeles Dodgers,St. Louis Cardinals,0,0
718106,2023-05-19,Minnesota Twins,Los Angeles Angels,0,0
718107,2023-05-19,Boston Red Sox,San Diego Padres,0,0
718105,2023-05-19,Miami Marlins,San Francisco Giants,0,0
718104,2023-05-20,Kansas City Royals,Chicago White Sox,2,1
718102,2023-05-20,Baltimore Orioles,Toronto Blue Jays,0,0
718108,2023-05-20,Detroit Tigers,Washington Nationals,0,0
718101,2023-05-20,Arizona Diamondbacks,Pittsburgh Pirates,0,1
718100,2023-05-20,Colorado Rockies,Texas Rangers,2,0
718097,2023-05-20,Chicago Cubs,Philadelphia Phillies,0,0
718103,2023-05-20,Miami Marlins,San Francisco Giants,0,0
718098,2023-05-20,Oakland Athletics,Houston Astros,2,0
718095,2023-05-20,New York Yankees,Cincinnati Reds,0,0
718093,2023-05-20,Milwaukee Brewers,Tampa Bay Rays,1,0
718109,2023-05-20,Los Angeles Dodgers,St. Louis Cardinals,1,0
718094,2023-05-20,Seattle Mariners,Atlanta Braves,2,0
718096,2023-05-20,Minnesota Twins,Los Angeles Angels,0,3
718092,2023-05-20,Boston Red Sox,San Diego Padres,0,0
718099,2023-05-21,Cleveland Guardians,New York Mets,0,0
718085,2023-05-21,New York Yankees,Cincinnati Reds,1,0
718089,2023-05-21,Detroit Tigers,Washington Nationals,3,0
718091,2023-05-21,Arizona Diamondbacks,Pittsburgh Pirates,0,0
718088,2023-05-21,Chicago Cubs,Philadelphia Phillies,0,0
718090,2023-05-21,Seattle Mariners,Atlanta Braves,0,0
718087,2023-05-21,Baltimore Orioles,Toronto Blue Jays,0,0
718099,2023-05-21,Cleveland Guardians,New York Mets,0,0
718082,2023-05-21,Cleveland Guardians,New York Mets,0,1
718081,2023-05-21,Milwaukee Brewers,Tampa Bay Rays,0,0
718086,2023-05-21,Oakland Athletics,Houston Astros,0,0
718084,2023-05-21,Kansas City Royals,Chicago White Sox,0,0
718083,2023-05-21,Los Angeles Dodgers,St. Louis Cardinals,0,0
718076,2023-05-21,Colorado Rockies,Texas Rangers,0,0
718078,2023-05-21,Miami Marlins,San Francisco Giants,0,1
718080,2023-05-21,Minnesota Twins,Los Angeles Angels,0,0
718079,2023-05-21,Boston Red Sox,San Diego Padres,0,0
718072,2023-05-22,Chicago White Sox,Cleveland Guardians,0,0
718075,2023-05-22,Texas Rangers,Pittsburgh Pirates,0,0
718071,2023-05-22,St. Louis Cardinals,Cincinnati Reds,2,0
718077,2023-05-22,Toronto Blue Jays,Tampa Bay Rays,0,0
718073,2023-05-22,Arizona Diamondbacks,Philadelphia Phillies,0,0
718074,2023-05-22,Los Angeles Dodgers,Atlanta Braves,4,0
718066,2023-05-22,Detroit Tigers,Kansas City Royals,0,1
718067,2023-05-22,San Francisco Giants,Minnesota Twins,0,4
718068,2023-05-22,Houston Astros,Milwaukee Brewers,0,0
718069,2023-05-22,Miami Marlins,Colorado Rockies,0,0
718070,2023-05-22,Boston Red Sox,Los Angeles Angels,0,0
718062,2023-05-22,Oakland Athletics,Seattle Mariners,0,0
718063,2023-05-23,Chicago White Sox,Cleveland Guardians,0,0
718065,2023-05-23,Texas Rangers,Pittsburgh Pirates,0,2
718059,2023-05-23,St. Louis Cardinals,Cincinnati Reds,0,0
718061,2023-05-23,Toronto Blue Jays,Tampa Bay Rays,0,1
718060,2023-05-23,Arizona Diamondbacks,Philadelphia Phillies,0,0
718064,2023-05-23,San Diego Padres,Washington Nationals,0,2
718058,2023-05-23,Baltimore Orioles,New York Yankees,0,2
718057,2023-05-23,Los Angeles Dodgers,Atlanta Braves,0,0
718049,2023-05-23,Detroit Tigers,Kansas City Royals,0,0
718055,2023-05-23,New York Mets,Chicago Cubs,0,0
718054,2023-05-23,San Francisco Giants,Minnesota Twins,0,0
718056,2023-05-23,Houston Astros,Milwaukee Brewers,0,0
718051,2023-05-23,Miami Marlins,Colorado Rockies,0,0
718053,2023-05-23,Boston Red Sox,Los Angeles Angels,1,0
718050,2023-05-23,Oakland Athletics,Seattle Mariners,0,2
718045,2023-05-24,Texas Rangers,Pittsburgh Pirates,0,3
718043,2023-05-24,Arizona Diamondbacks,Philadelphia Phillies,0,1
718047,2023-05-24,San Francisco Giants,Minnesota Twins,1,0
718048,2023-05-24,Chicago White Sox,Cleveland Guardians,0,0
718046,2023-05-24,Houston Astros,Milwaukee Brewers,2,0
718041,2023-05-24,St. Louis Cardinals,Cincinnati Reds,2,0
718044,2023-05-24,Toronto Blue Jays,Tampa Bay Rays,1,0
718052,2023-05-24,San Diego Padres,Washington Nationals,0,0
718040,2023-05-24,Baltimore Orioles,New York Yankees,0,0
718042,2023-05-24,Los Angeles Dodgers,Atlanta Braves,0,0
718039,2023-05-24,Detroit Tigers,Kansas City Royals,0,0
718038,2023-05-24,New York Mets,Chicago Cubs,0,0
718036,2023-05-24,Miami Marlins,Colorado Rockies,1,0
718034,2023-05-24,Boston Red Sox,Los Angeles Angels,0,0
718037,2023-05-24,Oakland Athletics,Seattle Mariners,0,0
718030,2023-05-25,St. Louis Cardinals,Cincinnati Reds,0,0
718032,2023-05-25,Toronto Blue Jays,Tampa Bay Rays,1,1
718033,2023-05-25,Miami Marlins,Colorado Rockies,0,0
718035,2023-05-25,San Diego Padres,Washington Nationals,0,0
718031,2023-05-25,Chicago White Sox,Detroit Tigers,0,0
718029,2023-05-25,Baltimore Orioles,New York Yankees,0,0
718026,2023-05-25,Philadelphia Phillies,Atlanta Braves,0,0
718024,2023-05-25,New York Mets,Chicago Cubs,0,1
718028,2023-05-25,San Francisco Giants,Milwaukee Brewers,0,0
718025,2023-05-25,Oakland Athletics,Seattle Mariners,0,0
718027,2023-05-26,Cincinnati Reds,Chicago Cubs,0,2
718018,2023-05-26,Los Angeles Dodgers,Tampa Bay Rays,2,1
718021,2023-05-26,Chicago White Sox,Detroit Tigers,0,3
718020,2023-05-26,Texas Rangers,Baltimore Orioles,0,0
718023,2023-05-26,San Diego Padres,New York Yankees,0,0
718022,2023-05-26,St. Louis Cardinals,Cleveland Guardians,0,0
718019,2023-05-26,Philadelphia Phillies,Atlanta Braves,0,0
718014,2023-05-26,Washington Nationals,Kansas City Royals,0,1
718013,2023-05-26,Toronto Blue Jays,Minnesota Twins,0,0
718017,2023-05-26,San Francisco Giants,Milwaukee Brewers,0,0
718016,2023-05-26,New York Mets,Colorado Rockies,0,0
718015,2023-05-26,Miami Marlins,Los Angeles Angels,0,0
718010,2023-05-26,Boston Red Sox,Arizona Diamondbacks,0,0
718009,2023-05-26,Houston Astros,Oakland Athletics,0,0
718012,2023-05-26,Pittsburgh Pirates,Seattle Mariners,0,1
718006,2023-05-27,San Diego Padres,New York Yankees,0,0
718005,2023-05-27,Chicago White Sox,Detroit Tigers,0,0
718008,2023-05-27,Toronto Blue Jays,Minnesota Twins,1,1
718001,2023-05-27,Texas Rangers,Baltimore Orioles,0,0
718003,2023-05-27,Houston Astros,Oakland Athletics,0,2
718000,2023-05-27,Washington Nationals,Kansas City Royals,1,0
718004,2023-05-27,Pittsburgh Pirates,Seattle Mariners,2,0
718002,2023-05-27,Los Angeles Dodgers,Tampa Bay Rays,0,0
717997,2023-05-27,Philadelphia Phillies,Atlanta Braves,0,0
717999,2023-05-27,San Francisco Giants,Milwaukee Brewers,0,0
717991,2023-05-27,Boston Red Sox,Arizona Diamondbacks,0,0
718007,2023-05-27,Cincinnati Reds,Chicago Cubs,1,0
717996,2023-05-27,St. Louis Cardinals,Cleveland Guardians,0,0
718011,2023-05-27,New York Mets,Colorado Rockies,0,0
717998,2023-05-27,Miami Marlins,Los Angeles Angels,0,0
717994,2023-05-28,Los Angeles Dodgers,Tampa Bay Rays,0,0
717990,2023-05-28,Texas Rangers,Baltimore Orioles,1,0
717995,2023-05-28,San Diego Padres,New York Yankees,1,1
717993,2023-05-28,St. Louis Cardinals,Cleveland Guardians,0,0
717989,2023-05-28,Chicago White Sox,Detroit Tigers,0,0
717985,2023-05-28,Washington Nationals,Kansas City Royals,0,0
717988,2023-05-28,Toronto Blue Jays,Minnesota Twins,0,0
717986,2023-05-28,San Francisco Giants,Milwaukee Brewers,3,0
717987,2023-05-28,Cincinnati Reds,Chicago Cubs,0,0
717982,2023-05-28,New York Mets,Colorado Rockies,0,0
717980,2023-05-28,Houston Astros,Oakland Athletics,1,1
717984,2023-05-28,Miami Marlins,Los Angeles Angels,0,0
717981,2023-05-28,Boston Red Sox,Arizona Diamondbacks,2,0
717983,2023-05-28,Pittsburgh Pirates,Seattle Mariners,1,0
717992,2023-05-28,Philadelphia Phillies,Atlanta Braves,5,0
717974,2023-05-29,Cleveland Guardians,Baltimore Orioles,0,0
717979,2023-05-29,Texas Rangers,Detroit Tigers,0,0
717975,2023-05-29,Kansas City Royals,St. Louis Cardinals,0,0
717976,2023-05-29,Tampa Bay Rays,Chicago Cubs,0,0
717977,2023-05-29,Colorado Rockies,Arizona Diamondbacks,0,1
717968,2023-05-29,Minnesota Twins,Houston Astros,0,0
717978,2023-05-29,Pittsburgh Pirates,San Francisco Giants,0,0
717970,2023-05-29,Atlanta Braves,Oakland Athletics,0,1
717971,2023-05-29,Los Angeles Angels,Chicago White Sox,0,3
717973,2023-05-29,Washington Nationals,Los Angeles Dodgers,0,0
717969,2023-05-29,New York Yankees,Seattle Mariners,0,0
717964,2023-05-30,Texas Rangers,Detroit Tigers,0,0
717963,2023-05-30,San Diego Padres,Miami Marlins,0,0
717967,2023-05-30,Cleveland Guardians,Baltimore Orioles,0,0
717965,2023-05-30,Milwaukee Brewers,Toronto Blue Jays,4,2
717966,2023-05-30,Cincinnati Reds,Boston Red Sox,0,0
717962,2023-05-30,Philadelphia Phillies,New York Mets,0,0
717960,2023-05-30,Kansas City Royals,St. Louis Cardinals,0,0
717961,2023-05-30,Tampa Bay Rays,Chicago Cubs,1,0
717956,2023-05-30,Minnesota Twins,Houston Astros,0,0
717959,2023-05-30,Los Angeles Angels,Chicago White Sox,0,1
717955,2023-05-30,Colorado Rockies,Arizona Diamondbacks,1,0
717958,2023-05-30,Atlanta Braves,Oakland Athletics,0,0
717952,2023-05-30,New York Yankees,Seattle Mariners,0,3
717972,2023-05-30,Pittsburgh Pirates,San Francisco Giants,0,1
717957,2023-05-30,Washington Nationals,Los Angeles Dodgers,0,0
717951,2023-05-31,Texas Rangers,Detroit Tigers,0,0
717943,2023-05-31,Los Angeles Angels,Chicago White Sox,0,2
717950,2023-05-31,Tampa Bay Rays,Chicago Cubs,1,0
717946,2023-05-31,Cleveland Guardians,Baltimore Orioles,0,1
717949,2023-05-31,Atlanta Braves,Oakland Athletics,0,0
717953,2023-05-31,Pittsburgh Pirates,San Francisco Giants,0,0
717954,2023-05-31,Washington Nationals,Los Angeles Dodgers,3,0
717945,2023-05-31,San Diego Padres,Miami Marlins,0,0
717947,2023-05-31,Milwaukee Brewers,Toronto Blue Jays,0,0
717948,2023-05-31,Cincinnati Reds,Boston Red Sox,0,0
717944,2023-05-31,Philadelphia Phillies,New York Mets,0,0
717938,2023-05-31,Minnesota Twins,Houston Astros,0,0
717940,2023-05-31,Colorado Rockies,Arizona Diamondbacks,1,0
717939,2023-05-31,New York Yankees,Seattle Mariners,0,0
717942,2023-06-01,Milwaukee Brewers,Toronto Blue Jays,3,0
717934,2023-06-01,Philadelphia Phillies,New York Mets,0,1
717941,2023-06-01,San Diego Padres,Miami Marlins,0,0
717933,2023-06-01,Colorado Rockies,Arizona Diamondbacks,0,0
717932,2023-06-01,Cincinnati Reds,Boston Red Sox,0,0
717937,2023-06-01,Cleveland Guardians,Minnesota Twins,0,0
717936,2023-06-01,Los Angeles Angels,Houston Astros,0,0
717931,2023-06-02,Milwaukee Brewers,Cincinnati Reds,0,0
717927,2023-06-02,Oakland Athletics,Miami Marlins,0,0
717930,2023-06-02,St. Louis Cardinals,Pittsburgh Pirates,0,0
717935,2023-06-02,Philadelphia Phillies,Washington Nationals,0,0
717929,2023-06-02,Toronto Blue Jays,New York Mets,0,1
717922,2023-06-02,Seattle Mariners,Texas Rangers,0,0
717926,2023-06-02,Los Angeles Angels,Houston Astros,0,0
717923,2023-06-02,Colorado Rockies,Kansas City Royals,0,1
717924,2023-06-02,Cleveland Guardians,Minnesota Twins,0,0
717925,2023-06-02,Detroit Tigers,Chicago White Sox,0,0
717921,2023-06-02,Chicago Cubs,San Diego Padres,0,0
717919,2023-06-02,Atlanta Braves,Arizona Diamondbacks,0,0
717917,2023-06-02,New York Yankees,Los Angeles Dodgers,6,0
717920,2023-06-02,Baltimore Orioles,San Francisco Giants,1,0
717928,2023-06-05,Tampa Bay Rays,Boston Red Sox,0,0
717918,2023-06-03,Tampa Bay Rays,Boston Red Sox,0,0
717885,2023-06-03,Tampa Bay Rays,Boston Red Sox,0,0
717915,2023-06-03,Detroit Tigers,Chicago White Sox,0,0
717907,2023-06-03,St. Louis Cardinals,Pittsburgh Pirates,0,0
717912,2023-06-03,Seattle Mariners,Texas Rangers,1,1
717914,2023-06-03,Philadelphia Phillies,Washington Nationals,0,0
717908,2023-06-03,Los Angeles Angels,Houston Astros,0,0
717909,2023-06-03,Colorado Rockies,Kansas City Royals,0,4
717910,2023-06-03,Toronto Blue Jays,New York Mets,0,0
717911,2023-06-03,Oakland Athletics,Miami Marlins,0,0
717906,2023-06-03,Milwaukee Brewers,Cincinnati Reds,1,1
717913,2023-06-03,Cleveland Guardians,Minnesota Twins,0,0
717905,2023-06-03,New York Yankees,Los Angeles Dodgers,0,0
717916,2023-06-03,Baltimore Orioles,San Francisco Giants,0,0
717903,2023-06-03,Chicago Cubs,San Diego Padres,0,0
717901,2023-06-03,Atlanta Braves,Arizona Diamondbacks,0,0
717898,2023-06-04,St. Louis Cardinals,Pittsburgh Pirates,2,0
717904,2023-06-04,Tampa Bay Rays,Boston Red Sox,0,0
717902,2023-06-04,Philadelphia Phillies,Washington Nationals,0,0
717900,2023-06-04,Toronto Blue Jays,New York Mets,0,0
717896,2023-06-04,Oakland Athletics,Miami Marlins,0,0
717897,2023-06-04,Milwaukee Brewers,Cincinnati Reds,0,3
717899,2023-06-04,Los Angeles Angels,Houston Astros,0,0
717893,2023-06-04,Colorado Rockies,Kansas City Royals,0,0
717895,2023-06-04,Cleveland Guardians,Minnesota Twins,0,0
717891,2023-06-04,Detroit Tigers,Chicago White Sox,0,0
717894,2023-06-04,Seattle Mariners,Texas Rangers,0,0
717890,2023-06-04,Baltimore Orioles,San Francisco Giants,0,0
717892,2023-06-04,Atlanta Braves,Arizona Diamondbacks,0,0
717889,2023-06-04,Chicago Cubs,San Diego Padres,0,1
717888,2023-06-04,New York Yankees,Los Angeles Dodgers,0,0
717928,2023-06-05,Tampa Bay Rays,Boston Red Sox,0,0
717886,2023-06-05,Detroit Tigers,Philadelphia Phillies,1,0
717887,2023-06-05,Kansas City Royals,Miami Marlins,0,2
717884,2023-06-05,Oakland Athletics,Pittsburgh Pirates,0,1
717878,2023-06-05,Houston Astros,Toronto Blue Jays,0,6
717883,2023-06-05,Milwaukee Brewers,Cincinnati Reds,0,0
717879,2023-06-05,St. Louis Cardinals,Texas Rangers,0,0
717880,2023-06-05,Chicago Cubs,San Diego Padres,0,0
717882,2023-06-06,Minnesota Twins,Tampa Bay Rays,0,0
717875,2023-06-06,Detroit Tigers,Philadelphia Phillies,0,0
717876,2023-06-06,Kansas City Royals,Miami Marlins,0,0
717881,2023-06-06,Arizona Diamondbacks,Washington Nationals,4,1
717874,2023-06-06,Oakland Athletics,Pittsburgh Pirates,0,0
717877,2023-06-06,Chicago White Sox,New York Yankees,0,0
717871,2023-06-06,Houston Astros,Toronto Blue Jays,0,1
717873,2023-06-06,Boston Red Sox,Cleveland Guardians,2,0
717870,2023-06-06,Los Angeles Dodgers,Cincinnati Reds,1,3
717872,2023-06-06,New York Mets,Atlanta Braves,0,0
717867,2023-06-06,Baltimore Orioles,Milwaukee Brewers,2,0
717868,2023-06-06,St. Louis Cardinals,Texas Rangers,0,0
717869,2023-06-06,San Francisco Giants,Colorado Rockies,0,0
717861,2023-06-06,Chicago Cubs,Los Angeles Angels,0,0
717864,2023-06-06,Seattle Mariners,San Diego Padres,0,0
717865,2023-06-07,Oakland Athletics,Pittsburgh Pirates,0,5
717863,2023-06-07,Seattle Mariners,San Diego Padres,0,0
717860,2023-06-07,Kansas City Royals,Miami Marlins,0,0
717859,2023-06-07,Minnesota Twins,Tampa Bay Rays,0,0
717866,2023-06-07,Arizona Diamondbacks,Washington Nationals,0,3
717856,2023-06-07,Houston Astros,Toronto Blue Jays,0,0
717858,2023-06-07,Boston Red Sox,Cleveland Guardians,0,0
717853,2023-06-07,Los Angeles Dodgers,Cincinnati Reds,2,2
717850,2023-06-07,New York Mets,Atlanta Braves,0,1
717851,2023-06-07,Baltimore Orioles,Milwaukee Brewers,0,0
717854,2023-06-07,St. Louis Cardinals,Texas Rangers,0,0
717852,2023-06-07,San Francisco Giants,Colorado Rockies,0,0
717855,2023-06-07,Chicago Cubs,Los Angeles Angels,0,0
717862,2023-06-08,Detroit Tigers,Philadelphia Phillies,0,0
717857,2023-06-08,Chicago White Sox,New York Yankees,0,0
717844,2023-06-08,Los Angeles Dodgers,Cincinnati Reds,0,0
717845,2023-06-08,Minnesota Twins,Tampa Bay Rays,0,0
717849,2023-06-08,Baltimore Orioles,Milwaukee Brewers,2,0
717846,2023-06-08,San Francisco Giants,Colorado Rockies,3,1
717848,2023-06-08,Chicago White Sox,New York Yankees,0,0
717857,2023-06-08,Chicago White Sox,New York Yankees,0,0
717862,2023-06-08,Detroit Tigers,Philadelphia Phillies,0,0
717843,2023-06-08,Houston Astros,Toronto Blue Jays,0,0
717842,2023-06-08,Boston Red Sox,Cleveland Guardians,1,0
717840,2023-06-08,New York Mets,Atlanta Braves,3,0
717838,2023-06-08,Chicago Cubs,Los Angeles Angels,0,0
717847,2023-06-22,Arizona Diamondbacks,Washington Nationals,0,1
717834,2023-06-09,Arizona Diamondbacks,Detroit Tigers,0,1
717827,2023-06-09,Texas Rangers,Tampa Bay Rays,0,0
717839,2023-06-09,Kansas City Royals,Baltimore Orioles,0,0
717836,2023-06-09,New York Mets,Pittsburgh Pirates,0,0
717837,2023-06-09,Los Angeles Dodgers,Philadelphia Phillies,0,1
717841,2023-06-09,Boston Red Sox,New York Yankees,0,0
717835,2023-06-09,Minnesota Twins,Toronto Blue Jays,0,0
717833,2023-06-09,Houston Astros,Cleveland Guardians,0,0
717829,2023-06-09,Washington Nationals,Atlanta Braves,0,1
717828,2023-06-09,Miami Marlins,Chicago White Sox,0,0
717831,2023-06-09,Oakland Athletics,Milwaukee Brewers,0,3
717832,2023-06-09,Cincinnati Reds,St. Louis Cardinals,0,0
717830,2023-06-09,San Diego Padres,Colorado Rockies,0,3
717824,2023-06-09,Seattle Mariners,Los Angeles Angels,0,2
717823,2023-06-09,Chicago Cubs,San Francisco Giants,0,0
717821,2023-06-10,Arizona Diamondbacks,Detroit Tigers,0,0
717820,2023-06-10,Miami Marlins,Chicago White Sox,0,0
717817,2023-06-10,Cincinnati Reds,St. Louis Cardinals,0,0
717822,2023-06-10,Minnesota Twins,Toronto Blue Jays,0,0
717819,2023-06-10,San Diego Padres,Colorado Rockies,0,0
717818,2023-06-10,Kansas City Royals,Baltimore Orioles,2,0
717812,2023-06-10,New York Mets,Pittsburgh Pirates,0,0
717811,2023-06-10,Los Angeles Dodgers,Philadelphia Phillies,0,0
717813,2023-06-10,Texas Rangers,Tampa Bay Rays,0,0
717816,2023-06-10,Washington Nationals,Atlanta Braves,0,0
717814,2023-06-10,Oakland Athletics,Milwaukee Brewers,0,0
717815,2023-06-10,Houston Astros,Cleveland Guardians,0,3
717826,2023-06-10,Chicago Cubs,San Francisco Giants,0,0
717825,2023-06-10,Boston Red Sox,New York Yankees,0,0
717809,2023-06-10,Seattle Mariners,Los Angeles Angels,0,0
717804,2023-06-11,Arizona Diamondbacks,Detroit Tigers,0,0
717802,2023-06-11,Houston Astros,Cleveland Guardians,0,0
717808,2023-06-11,Kansas City Royals,Baltimore Orioles,1,1
717803,2023-06-11,New York Mets,Pittsburgh Pirates,0,0
717806,2023-06-11,Los Angeles Dodgers,Philadelphia Phillies,1,0
717807,2023-06-11,Washington Nationals,Atlanta Braves,0,0
717805,2023-06-11,Minnesota Twins,Toronto Blue Jays,0,4
717801,2023-06-11,Texas Rangers,Tampa Bay Rays,1,0
717795,2023-06-11,Miami Marlins,Chicago White Sox,0,0
717800,2023-06-11,Oakland Athletics,Milwaukee Brewers,0,0
717797,2023-06-11,Cincinnati Reds,St. Louis Cardinals,0,1
717798,2023-06-11,San Diego Padres,Colorado Rockies,1,0
717796,2023-06-11,Chicago Cubs,San Francisco Giants,2,0
717799,2023-06-11,Seattle Mariners,Los Angeles Angels,0,0
717810,2023-06-11,Boston Red Sox,New York Yankees,0,0
717790,2023-06-12,Atlanta Braves,Detroit Tigers,0,0
717794,2023-06-12,Colorado Rockies,Boston Red Sox,0,0
717791,2023-06-12,San Francisco Giants,St. Louis Cardinals,0,0
717792,2023-06-12,Los Angeles Angels,Texas Rangers,0,0
717793,2023-06-12,Cincinnati Reds,Kansas City Royals,0,0
717789,2023-06-12,Tampa Bay Rays,Oakland Athletics,0,0
717785,2023-06-12,Philadelphia Phillies,Arizona Diamondbacks,0,0
717786,2023-06-12,Miami Marlins,Seattle Mariners,0,0
717787,2023-06-13,Toronto Blue Jays,Baltimore Orioles,0,0
717788,2023-06-13,Colorado Rockies,Boston Red Sox,0,0
717779,2023-06-13,New York Yankees,New York Mets,1,1
717783,2023-06-13,Milwaukee Brewers,Minnesota Twins,0,0
717781,2023-06-13,San Francisco Giants,St. Louis Cardinals,2,2
717782,2023-06-13,Pittsburgh Pirates,Chicago Cubs,0,1
717780,2023-06-13,Los Angeles Angels,Texas Rangers,0,0
717777,2023-06-13,Cincinnati Reds,Kansas City Royals,0,0
717778,2023-06-13,Washington Nationals,Houston Astros,0,0
717772,2023-06-13,Cleveland Guardians,San Diego Padres,4,0
717774,2023-06-13,Tampa Bay Rays,Oakland Athletics,0,0
717775,2023-06-13,Philadelphia Phillies,Arizona Diamondbacks,0,4
717773,2023-06-13,Miami Marlins,Seattle Mariners,0,0
717776,2023-06-13,Chicago White Sox,Los Angeles Dodgers,0,0
717784,2023-06-14,Atlanta Braves,Detroit Tigers,0,0
717770,2023-06-14,Atlanta Braves,Detroit Tigers,1,0
717784,2023-06-14,Atlanta Braves,Detroit Tigers,0,0
717771,2023-06-14,Milwaukee Brewers,Minnesota Twins,0,0
717767,2023-06-14,San Francisco Giants,St. Louis Cardinals,0,2
717769,2023-06-14,Toronto Blue Jays,Baltimore Orioles,0,0
717768,2023-06-14,Colorado Rockies,Boston Red Sox,0,0
717766,2023-06-14,New York Yankees,New York Mets,0,0
717763,2023-06-14,Pittsburgh Pirates,Chicago Cubs,0,3
717765,2023-06-14,Los Angeles Angels,Texas Rangers,0,0
717764,2023-06-14,Cincinnati Reds,Kansas City Royals,0,0
717762,2023-06-14,Washington Nationals,Houston Astros,0,0
717758,2023-06-14,Cleveland Guardians,San Diego Padres,1,0
717761,2023-06-14,Tampa Bay Rays,Oakland Athletics,0,0
717757,2023-06-14,Philadelphia Phillies,Arizona Diamondbacks,0,0
717759,2023-06-14,Miami Marlins,Seattle Mariners,0,0
717760,2023-06-14,Chicago White Sox,Los Angeles Dodgers,0,0
717753,2023-06-15,Toronto Blue Jays,Baltimore Orioles,1,0
717756,2023-06-15,Tampa Bay Rays,Oakland Athletics,0,0
717755,2023-06-15,Philadelphia Phillies,Arizona Diamondbacks,0,0
717752,2023-06-15,Detroit Tigers,Minnesota Twins,0,0
717754,2023-06-15,Colorado Rockies,Atlanta Braves,0,0
717747,2023-06-15,Pittsburgh Pirates,Chicago Cubs,0,0
717751,2023-06-15,Los Angeles Angels,Texas Rangers,0,0
717746,2023-06-15,Washington Nationals,Houston Astros,0,0
717750,2023-06-15,Cleveland Guardians,San Diego Padres,0,5
717748,2023-06-15,Chicago White Sox,Los Angeles Dodgers,0,2
717744,2023-06-16,Baltimore Orioles,Chicago Cubs,0,0
717749,2023-06-16,Miami Marlins,Washington Nationals,1,2
717743,2023-06-16,St. Louis Cardinals,New York Mets,3,0
717742,2023-06-16,New York Yankees,Boston Red Sox,2,1
717745,2023-06-16,Colorado Rockies,Atlanta Braves,3,0
717741,2023-06-16,Toronto Blue Jays,Texas Rangers,0,0
717737,2023-06-16,Cincinnati Reds,Houston Astros,0,0
717736,2023-06-16,Los Angeles Angels,Kansas City Royals,0,1
717738,2023-06-16,Detroit Tigers,Minnesota Twins,0,0
717740,2023-06-16,Pittsburgh Pirates,Milwaukee Brewers,1,0
717739,2023-06-16,Cleveland Guardians,Arizona Diamondbacks,0,0
717732,2023-06-16,Tampa Bay Rays,San Diego Padres,0,0
717735,2023-06-16,Philadelphia Phillies,Oakland Athletics,0,1
717731,2023-06-16,San Francisco Giants,Los Angeles Dodgers,0,0
717733,2023-06-16,Chicago White Sox,Seattle Mariners,0,0
717728,2023-06-17,Detroit Tigers,Minnesota Twins,0,0
717729,2023-06-17,Baltimore Orioles,Chicago Cubs,0,0
717723,2023-06-17,Toronto Blue Jays,Texas Rangers,0,0
717734,2023-06-17,Miami Marlins,Washington Nationals,0,0
717725,2023-06-17,Philadelphia Phillies,Oakland Athletics,0,0
717727,2023-06-17,Cincinnati Reds,Houston Astros,0,2
717726,2023-06-17,Los Angeles Angels,Kansas City Royals,0,0
717718,2023-06-17,St. Louis Cardinals,New York Mets,0,0
717724,2023-06-17,Colorado Rockies,Atlanta Braves,0,0
717722,2023-06-17,Chicago White Sox,Seattle Mariners,2,0
717720,2023-06-17,Pittsburgh Pirates,Milwaukee Brewers,0,0
717717,2023-06-17,Tampa Bay Rays,San Diego Padres,0,0
717721,2023-06-17,San Francisco Giants,Los Angeles Dodgers,0,0
717719,2023-06-17,Cleveland Guardians,Arizona Diamondbacks,0,1
717730,2023-06-18,New York Yankees,Boston Red Sox,0,0
717708,2023-06-18,Baltimore Orioles,Chicago Cubs,1,0
717716,2023-06-18,Colorado Rockies,Atlanta Braves,0,2
717714,2023-06-18,Miami Marlins,Washington Nationals,0,0
717730,2023-06-18,New York Yankees,Boston Red Sox,0,0
717715,2023-06-18,New York Yankees,Boston Red Sox,0,1
717713,2023-06-18,St. Louis Cardinals,New York Mets,1,2
717707,2023-06-18,Cincinnati Reds,Houston Astros,1,0
717712,2023-06-18,Los Angeles Angels,Kansas City Royals,0,0
717711,2023-06-18,Detroit Tigers,Minnesota Twins,0,1
717710,2023-06-18,Pittsburgh Pirates,Milwaukee Brewers,0,0
717709,2023-06-18,Toronto Blue Jays,Texas Rangers,0,0
717705,2023-06-18,Philadelphia Phillies,Oakland Athletics,0,0
717706,2023-06-18,Cleveland Guardians,Arizona Diamondbacks,0,2
717702,2023-06-18,San Francisco Giants,Los Angeles Dodgers,0,0
717703,2023-06-18,Tampa Bay Rays,San Diego Padres,0,0
717704,2023-06-18,Chicago White Sox,Seattle Mariners,0,0
717699,2023-06-19,St. Louis Cardinals,Washington Nationals,0,0
717692,2023-06-19,Kansas City Royals,Detroit Tigers,0,0
717700,2023-06-19,Toronto Blue Jays,Miami Marlins,0,0
717698,2023-06-19,Chicago Cubs,Pittsburgh Pirates,0,0
717701,2023-06-19,Colorado Rockies,Cincinnati Reds,0,0
717693,2023-06-19,Boston Red Sox,Minnesota Twins,0,0
717694,2023-06-19,New York Mets,Houston Astros,0,0
717695,2023-06-19,Texas Rangers,Chicago White Sox,0,1
717696,2023-06-19,Arizona Diamondbacks,Milwaukee Brewers,0,6
717697,2023-06-19,San Diego Padres,San Francisco Giants,0,0
717681,2023-06-20,Kansas City Royals,Detroit Tigers,0,0
717687,2023-06-20,Baltimore Orioles,Tampa Bay Rays,0,4
717689,2023-06-20,Atlanta Braves,Philadelphia Phillies,0,0
717690,2023-06-20,Toronto Blue Jays,Miami Marlins,0,0
717686,2023-06-20,Chicago Cubs,Pittsburgh Pirates,0,0
717691,2023-06-20,St. Louis Cardinals,Washington Nationals,0,0
717684,2023-06-20,Seattle Mariners,New York Yankees,0,0
717685,2023-06-20,Colorado Rockies,Cincinnati Reds,0,0
717679,2023-06-20,Oakland Athletics,Cleveland Guardians,0,0
717683,2023-06-20,Boston Red Sox,Minnesota Twins,0,0
717682,2023-06-20,New York Mets,Houston Astros,0,0
717675,2023-06-20,Texas Rangers,Chicago White Sox,0,0
717680,2023-06-20,Arizona Diamondbacks,Milwaukee Brewers,0,1
717688,2023-06-20,San Diego Padres,San Francisco Giants,0,0
717678,2023-06-20,Los Angeles Dodgers,Los Angeles Angels,0,0
717677,2023-06-21,Baltimore Orioles,Tampa Bay Rays,0,0
717676,2023-06-21,Toronto Blue Jays,Miami Marlins,0,0
717669,2023-06-21,Colorado Rockies,Cincinnati Reds,0,1
717671,2023-06-21,Chicago Cubs,Pittsburgh Pirates,0,0
717668,2023-06-21,Kansas City Royals,Detroit Tigers,0,0
717670,2023-06-21,New York Mets,Houston Astros,1,0
717672,2023-06-21,Arizona Diamondbacks,Milwaukee Brewers,0,0
717673,2023-06-21,St. Louis Cardinals,Washington Nationals,0,0
717666,2023-06-21,Seattle Mariners,New York Yankees,0,0
717663,2023-06-21,Oakland Athletics,Cleveland Guardians,0,0
717665,2023-06-21,Boston Red Sox,Minnesota Twins,0,0
717667,2023-06-21,Texas Rangers,Chicago White Sox,0,0
717662,2023-06-21,Los Angeles Dodgers,Los Angeles Angels,0,0
717674,2023-06-21,San Diego Padres,San Francisco Giants,0,0
717847,2023-06-22,Arizona Diamondbacks,Washington Nationals,0,1
717657,2023-06-22,Atlanta Braves,Philadelphia Phillies,0,0
717660,2023-06-22,Oakland Athletics,Cleveland Guardians,0,0
717658,2023-06-22,Boston Red Sox,Minnesota Twins,2,0
717661,2023-06-22,San Diego Padres,San Francisco Giants,0,3
717659,2023-06-22,Kansas City Royals,Tampa Bay Rays,0,0
717654,2023-06-22,Pittsburgh Pirates,Miami Marlins,0,0
717652,2023-06-22,Seattle Mariners,New York Yankees,0,4
717649,2023-06-23,Kansas City Royals,Tampa Bay Rays,0,0
717647,2023-06-23,Minnesota Twins,Detroit Tigers,0,0
717650,2023-06-23,Atlanta Braves,Cincinnati Reds,0,5
717653,2023-06-23,Pittsburgh Pirates,Miami Marlins,1,0
717651,2023-06-23,Seattle Mariners,Baltimore Orioles,0,0
717656,2023-06-23,New York Mets,Philadelphia Phillies,1,0
717655,2023-06-23,Texas Rangers,New York Yankees,0,0
717646,2023-06-23,Oakland Athletics,Toronto Blue Jays,0,3
717648,2023-06-23,Milwaukee Brewers,Cleveland Guardians,0,0
717645,2023-06-23,Boston Red Sox,Chicago White Sox,0,0
717644,2023-06-23,Los Angeles Angels,Colorado Rockies,0,0
717642,2023-06-23,Washington Nationals,San Diego Padres,1,0
717643,2023-06-23,Houston Astros,Los Angeles Dodgers,0,0
717641,2023-06-23,Arizona Diamondbacks,San Francisco Giants,0,0
717637,2023-06-24,Chicago Cubs,St. Louis Cardinals,0,0
717628,2023-06-24,Seattle Mariners,Baltimore Orioles,0,0
717639,2023-06-24,Arizona Diamondbacks,San Francisco Giants,1,1
717635,2023-06-24,New York Mets,Philadelphia Phillies,0,0
717636,2023-06-24,Texas Rangers,New York Yankees,0,0
717634,2023-06-24,Oakland Athletics,Toronto Blue Jays,2,0
717632,2023-06-24,Kansas City Royals,Tampa Bay Rays,0,0
717631,2023-06-24,Atlanta Braves,Cincinnati Reds,0,0
717629,2023-06-24,Boston Red Sox,Chicago White Sox,0,0
717630,2023-06-24,Pittsburgh Pirates,Miami Marlins,0,0
717625,2023-06-24,Milwaukee Brewers,Cleveland Guardians,0,1
717626,2023-06-24,Houston Astros,Los Angeles Dodgers,3,0
717633,2023-06-24,Minnesota Twins,Detroit Tigers,0,0
717638,2023-06-24,Washington Nationals,San Diego Padres,0,1
717640,2023-06-24,Los Angeles Angels,Colorado Rockies,0,0
717623,2023-06-25,Chicago Cubs,St. Louis Cardinals,0,4
717621,2023-06-25,Minnesota Twins,Detroit Tigers,0,0
717627,2023-06-25,Seattle Mariners,Baltimore Orioles,0,0
717624,2023-06-25,New York Mets,Philadelphia Phillies,1,0
717622,2023-06-25,Texas Rangers,New York Yankees,0,1
717617,2023-06-25,Oakland Athletics,Toronto Blue Jays,1,0
717619,2023-06-25,Kansas City Royals,Tampa Bay Rays,0,0
717618,2023-06-25,Atlanta Braves,Cincinnati Reds,0,0
717620,2023-06-25,Pittsburgh Pirates,Miami Marlins,0,0
717613,2023-06-25,Milwaukee Brewers,Cleveland Guardians,0,0
717614,2023-06-25,Boston Red Sox,Chicago White Sox,0,0
717616,2023-06-25,Los Angeles Angels,Colorado Rockies,0,0
717612,2023-06-25,Arizona Diamondbacks,San Francisco Giants,0,1
717610,2023-06-25,Washington Nationals,San Diego Padres,0,1
717615,2023-06-25,Houston Astros,Los Angeles Dodgers,1,0
717611,2023-06-26,Cincinnati Reds,Baltimore Orioles,0,1
717607,2023-06-26,Milwaukee Brewers,New York Mets,0,0
717609,2023-06-26,Minnesota Twins,Atlanta Braves,0,0
717606,2023-06-26,Detroit Tigers,Texas Rangers,1,0
717608,2023-06-26,Chicago White Sox,Los Angeles Angels,0,1
717602,2023-06-26,Washington Nationals,Seattle Mariners,0,1
717601,2023-06-27,Cincinnati Reds,Baltimore Orioles,0,0
717603,2023-06-27,San Diego Padres,Pittsburgh Pirates,0,0
717604,2023-06-27,San Francisco Giants,Toronto Blue Jays,0,0
717605,2023-06-27,Miami Marlins,Boston Red Sox,0,2
717597,2023-06-27,Milwaukee Brewers,New York Mets,0,0
717600,2023-06-27,Minnesota Twins,Atlanta Braves,4,1
717598,2023-06-27,Houston Astros,St. Louis Cardinals,0,1
717599,2023-06-27,Detroit Tigers,Texas Rangers,0,0
717596,2023-06-27,Philadelphia Phillies,Chicago Cubs,0,0
717591,2023-06-27,Cleveland Guardians,Kansas City Royals,0,0
717594,2023-06-27,Los Angeles Dodgers,Colorado Rockies,0,0
717592,2023-06-27,Chicago White Sox,Los Angeles Angels,1,0
717590,2023-06-27,Washington Nationals,Seattle Mariners,2,1
717593,2023-06-27,Tampa Bay Rays,Arizona Diamondbacks,4,0
717595,2023-06-27,New York Yankees,Oakland Athletics,0,0
717588,2023-06-28,Minnesota Twins,Atlanta Braves,0,0
717587,2023-06-28,Washington Nationals,Seattle Mariners,0,3
717589,2023-06-28,Cincinnati Reds,Baltimore Orioles,1,3
717585,2023-06-28,San Diego Padres,Pittsburgh Pirates,0,0
717586,2023-06-28,San Francisco Giants,Toronto Blue Jays,4,0
717583,2023-06-28,Miami Marlins,Boston Red Sox,0,0
717581,2023-06-28,Milwaukee Brewers,New York Mets,0,2
717582,2023-06-28,Houston Astros,St. Louis Cardinals,4,3
717580,2023-06-28,Detroit Tigers,Texas Rangers,3,0
717584,2023-06-28,Philadelphia Phillies,Chicago Cubs,0,0
717577,2023-06-28,Cleveland Guardians,Kansas City Royals,0,0
717578,2023-06-28,Los Angeles Dodgers,Colorado Rockies,0,0
717576,2023-06-28,Chicago White Sox,Los Angeles Angels,1,2
717575,2023-06-28,Tampa Bay Rays,Arizona Diamondbacks,0,0
717571,2023-06-29,San Diego Padres,Pittsburgh Pirates,0,0
717570,2023-06-29,Detroit Tigers,Texas Rangers,0,0
717573,2023-06-29,Cleveland Guardians,Kansas City Royals,0,0
717574,2023-06-29,New York Yankees,Oakland Athletics,0,0
717568,2023-06-29,Tampa Bay Rays,Arizona Diamondbacks,0,1
717560,2023-06-29,Chicago White Sox,Los Angeles Angels,0,1
717569,2023-06-29,Miami Marlins,Boston Red Sox,0,0
717564,2023-06-29,San Francisco Giants,Toronto Blue Jays,0,0
717565,2023-06-29,Milwaukee Brewers,New York Mets,0,0
717566,2023-06-29,Houston Astros,St. Louis Cardinals,0,0
717567,2023-06-29,Philadelphia Phillies,Chicago Cubs,0,1
717572,2023-06-29,Los Angeles Dodgers,Colorado Rockies,1,1
717559,2023-06-30,Cleveland Guardians,Chicago Cubs,0,0
717557,2023-06-30,San Diego Padres,Cincinnati Reds,0,0
717563,2023-06-30,Washington Nationals,Philadelphia Phillies,0,0
717561,2023-06-30,Minnesota Twins,Baltimore Orioles,0,1
717562,2023-06-30,Milwaukee Brewers,Pittsburgh Pirates,0,0
717555,2023-06-30,Boston Red Sox,Toronto Blue Jays,0,0
717556,2023-06-30,San Francisco Giants,New York Mets,0,0
717558,2023-06-30,Miami Marlins,Atlanta Braves,5,0
717554,2023-06-30,Houston Astros,Texas Rangers,1,1
717552,2023-06-30,Detroit Tigers,Colorado Rockies,0,0
717553,2023-06-30,Los Angeles Dodgers,Kansas City Royals,0,1
717549,2023-06-30,Arizona Diamondbacks,Los Angeles Angels,0,1
717551,2023-06-30,Chicago White Sox,Oakland Athletics,0,1
717548,2023-06-30,Tampa Bay Rays,Seattle Mariners,0,0
717550,2023-07-01,New York Yankees,St. Louis Cardinals,0,0
717539,2023-07-01,San Diego Padres,Cincinnati Reds,0,0
717545,2023-07-01,New York Yankees,St. Louis Cardinals,0,0
717550,2023-07-01,New York Yankees,St. Louis Cardinals,0,0
717547,2023-07-01,Boston Red Sox,Toronto Blue Jays,0,0
717542,2023-07-01,Houston Astros,Texas Rangers,0,0
717541,2023-07-01,Minnesota Twins,Baltimore Orioles,0,0
717543,2023-07-01,Washington Nationals,Philadelphia Phillies,0,0
717540,2023-07-01,Milwaukee Brewers,Pittsburgh Pirates,0,0
717538,2023-07-01,Chicago White Sox,Oakland Athletics,0,0
717535,2023-07-01,San Francisco Giants,New York Mets,0,0
717536,2023-07-01,Miami Marlins,Atlanta Braves,6,0
717546,2023-07-01,Cleveland Guardians,Chicago Cubs,0,0
717537,2023-07-01,Los Angeles Dodgers,Kansas City Royals,1,0
717534,2023-07-01,Tampa Bay Rays,Seattle Mariners,0,0
717544,2023-07-01,Detroit Tigers,Colorado Rockies,0,0
717533,2023-07-01,Arizona Diamondbacks,Los Angeles Angels,0,0
717529,2023-07-02,Minnesota Twins,Baltimore Orioles,0,0
717528,2023-07-02,Washington Nationals,Philadelphia Phillies,1,0
717532,2023-07-02,Miami Marlins,Atlanta Braves,0,0
717531,2023-07-02,Milwaukee Brewers,Pittsburgh Pirates,0,0
717530,2023-07-02,Boston Red Sox,Toronto Blue Jays,0,0
717526,2023-07-02,San Diego Padres,Cincinnati Reds,0,0
717527,2023-07-02,Los Angeles Dodgers,Kansas City Royals,0,0
717524,2023-07-02,New York Yankees,St. Louis Cardinals,0,0
717520,2023-07-02,Houston Astros,Texas Rangers,0,0
717523,2023-07-02,Detroit Tigers,Colorado Rockies,0,0
717522,2023-07-02,Arizona Diamondbacks,Los Angeles Angels,1,0
717518,2023-07-02,Chicago White Sox,Oakland Athletics,0,0
717519,2023-07-02,Tampa Bay Rays,Seattle Mariners,0,0
717521,2023-07-02,Cleveland Guardians,Chicago Cubs,0,0
717525,2023-07-02,San Francisco Giants,New York Mets,0,0
717514,2023-07-03,Houston Astros,Texas Rangers,0,0
717511,2023-07-03,Chicago Cubs,Milwaukee Brewers,0,0
717517,2023-07-03,Cincinnati Reds,Washington Nationals,0,0
717515,2023-07-03,St. Louis Cardinals,Miami Marlins,0,0
717513,2023-07-03,Baltimore Orioles,New York Yankees,0,0
717512,2023-07-03,Atlanta Braves,Cleveland Guardians,0,0
717510,2023-07-03,Kansas City Royals,Minnesota Twins,1,1
717505,2023-07-03,Los Angeles Angels,San Diego Padres,3,0
717516,2023-07-03,Seattle Mariners,San Francisco Giants,0,0
717506,2023-07-03,Pittsburgh Pirates,Los Angeles Dodgers,0,0
717507,2023-07-04,Cincinnati Reds,Washington Nationals,0,2
717508,2023-07-04,Baltimore Orioles,New York Yankees,0,0
717502,2023-07-04,St. Louis Cardinals,Miami Marlins,3,0
717501,2023-07-04,Texas Rangers,Boston Red Sox,0,0
717500,2023-07-04,Kansas City Royals,Minnesota Twins,0,0
717504,2023-07-04,Colorado Rockies,Houston Astros,0,0
717498,2023-07-04,New York Mets,Arizona Diamondbacks,1,0
717499,2023-07-04,Philadelphia Phillies,Tampa Bay Rays,0,0
717503,2023-07-04,Chicago Cubs,Milwaukee Brewers,0,0
717509,2023-07-04,Seattle Mariners,San Francisco Giants,0,1
717494,2023-07-04,Oakland Athletics,Detroit Tigers,0,0
717497,2023-07-04,Los Angeles Angels,San Diego Padres,0,0
717495,2023-07-04,Atlanta Braves,Cleveland Guardians,0,0
717496,2023-07-04,Toronto Blue Jays,Chicago White Sox,0,0
717492,2023-07-04,Pittsburgh Pirates,Los Angeles Dodgers,0,0
717489,2023-07-05,Colorado Rockies,Houston Astros,0,0
717485,2023-07-05,Oakland Athletics,Detroit Tigers,0,3
717491,2023-07-05,Philadelphia Phillies,Tampa Bay Rays,0,0
717488,2023-07-05,St. Louis Cardinals,Miami Marlins,4,0
717493,2023-07-05,Cincinnati Reds,Washington Nationals,1,0
717487,2023-07-05,Baltimore Orioles,New York Yankees,0,0
717484,2023-07-05,Texas Rangers,Boston Red Sox,2,0
717486,2023-07-05,Atlanta Braves,Cleveland Guardians,0,2
717482,2023-07-05,Kansas City Royals,Minnesota Twins,1,0
717483,2023-07-05,Chicago Cubs,Milwaukee Brewers,0,0
717478,2023-07-05,Los Angeles Angels,San Diego Padres,1,0
717490,2023-07-05,Seattle Mariners,San Francisco Giants,0,0
717477,2023-07-05,New York Mets,Arizona Diamondbacks,0,0
717479,2023-07-05,Pittsburgh Pirates,Los Angeles Dodgers,0,0
717480,2023-07-06,Toronto Blue Jays,Chicago White Sox,0,0
717481,2023-07-06,Cincinnati Reds,Washington Nationals,0,0
717476,2023-07-06,Oakland Athletics,Detroit Tigers,2,0
717474,2023-07-06,Chicago Cubs,Milwaukee Brewers,0,0
717468,2023-07-06,Toronto Blue Jays,Chicago White Sox,0,0
717480,2023-07-06,Toronto Blue Jays,Chicago White Sox,0,0
717472,2023-07-06,Philadelphia Phillies,Tampa Bay Rays,0,0
717473,2023-07-06,St. Louis Cardinals,Miami Marlins,0,0
717475,2023-07-06,Baltimore Orioles,New York Yankees,0,1
717469,2023-07-06,Kansas City Royals,Cleveland Guardians,0,0
717471,2023-07-06,Texas Rangers,Boston Red Sox,0,0
717467,2023-07-06,Seattle Mariners,Houston Astros,0,0
717470,2023-07-06,New York Mets,Arizona Diamondbacks,0,2
717462,2023-07-06,Pittsburgh Pirates,Los Angeles Dodgers,0,0
717457,2023-07-07,Toronto Blue Jays,Detroit Tigers,0,0
717460,2023-07-07,Atlanta Braves,Tampa Bay Rays,0,0
717466,2023-07-07,Philadelphia Phillies,Miami Marlins,0,0
717465,2023-07-07,Texas Rangers,Washington Nationals,1,2
717464,2023-07-07,Chicago Cubs,New York Yankees,0,0
717463,2023-07-07,Kansas City Royals,Cleveland Guardians,1,0
717461,2023-07-07,Oakland Athletics,Boston Red Sox,0,0
717453,2023-07-07,Seattle Mariners,Houston Astros,0,0
717458,2023-07-07,Baltimore Orioles,Minnesota Twins,0,0
717455,2023-07-07,St. Louis Cardinals,Chicago White Sox,0,0
717459,2023-07-07,Cincinnati Reds,Milwaukee Brewers,2,0
717452,2023-07-07,Pittsburgh Pirates,Arizona Diamondbacks,0,0
717454,2023-07-07,New York Mets,San Diego Padres,0,1
717456,2023-07-07,Los Angeles Angels,Los Angeles Dodgers,1,0
717448,2023-07-07,Colorado Rockies,San Francisco Giants,0,2
717447,2023-07-08,Chicago Cubs,New York Yankees,0,0
717442,2023-07-08,Toronto Blue Jays,Detroit Tigers,2,0
717446,2023-07-08,Baltimore Orioles,Minnesota Twins,1,0
717445,2023-07-08,St. Louis Cardinals,Chicago White Sox,0,0
717451,2023-07-08,Colorado Rockies,San Francisco Giants,2,1
717450,2023-07-08,Texas Rangers,Washington Nationals,4,0
717443,2023-07-08,Kansas City Royals,Cleveland Guardians,0,0
717449,2023-07-08,Oakland Athletics,Boston Red Sox,3,0
717439,2023-07-08,Pittsburgh Pirates,Arizona Diamondbacks,0,0
717438,2023-07-08,Philadelphia Phillies,Miami Marlins,3,1
717444,2023-07-08,Cincinnati Reds,Milwaukee Brewers,0,0
717440,2023-07-08,Seattle Mariners,Houston Astros,0,0
717441,2023-07-08,Atlanta Braves,Tampa Bay Rays,0,0
717437,2023-07-08,Los Angeles Angels,Los Angeles Dodgers,1,0
717436,2023-07-08,New York Mets,San Diego Padres,0,0
717432,2023-07-09,Texas Rangers,Washington Nationals,0,0
717435,2023-07-09,Oakland Athletics,Boston Red Sox,0,1
717433,2023-07-09,Chicago Cubs,New York Yankees,0,0
717434,2023-07-09,Kansas City Royals,Cleveland Guardians,0,0
717431,2023-07-09,Toronto Blue Jays,Detroit Tigers,0,0
717429,2023-07-09,Atlanta Braves,Tampa Bay Rays,4,0
717426,2023-07-09,Philadelphia Phillies,Miami Marlins,0,0
717430,2023-07-09,Seattle Mariners,Houston Astros,0,0
717428,2023-07-09,Baltimore Orioles,Minnesota Twins,1,0
717424,2023-07-09,St. Louis Cardinals,Chicago White Sox,0,0
717427,2023-07-09,Cincinnati Reds,Milwaukee Brewers,1,0
717422,2023-07-09,Colorado Rockies,San Francisco Giants,0,0
717425,2023-07-09,Pittsburgh Pirates,Arizona Diamondbacks,1,0
717423,2023-07-09,New York Mets,San Diego Padres,3,0
717418,2023-07-14,San Diego Padres,Philadelphia Phillies,0,0
717416,2023-07-14,San Francisco Giants,Pittsburgh Pirates,0,0
717407,2023-07-14,Washington Nationals,St. Louis Cardinals,0,0
717417,2023-07-14,Miami Marlins,Baltimore Orioles,0,0
717420,2023-07-14,Arizona Diamondbacks,Toronto Blue Jays,0,0
717413,2023-07-14,Los Angeles Dodgers,New York Mets,0,0
717412,2023-07-14,Milwaukee Brewers,Cincinnati Reds,0,0
717414,2023-07-14,Chicago White Sox,Atlanta Braves,4,0
717419,2023-07-14,Boston Red Sox,Chicago Cubs,0,0
717415,2023-07-14,Cleveland Guardians,Texas Rangers,0,0
717410,2023-07-14,New York Yankees,Colorado Rockies,0,2
717405,2023-07-14,Houston Astros,Los Angeles Angels,0,0
717409,2023-07-14,Minnesota Twins,Oakland Athletics,0,2
717406,2023-07-14,Detroit Tigers,Seattle Mariners,0,2
717411,2023-07-15,Tampa Bay Rays,Kansas City Royals,0,0
717408,2023-07-15,San Diego Padres,Philadelphia Phillies,0,0
717397,2023-07-15,San Diego Padres,Philadelphia Phillies,0,1
717411,2023-07-15,Tampa Bay Rays,Kansas City Royals,0,0
717393,2023-07-15,Tampa Bay Rays,Kansas City Royals,0,0
717407,2023-07-14,Washington Nationals,St. Louis Cardinals,0,0
717403,2023-07-15,Boston Red Sox,Chicago Cubs,0,0
717404,2023-07-15,Arizona Diamondbacks,Toronto Blue Jays,0,0
717402,2023-07-15,Cleveland Guardians,Texas Rangers,0,0
717398,2023-07-15,San Francisco Giants,Pittsburgh Pirates,0,0
717401,2023-07-15,Miami Marlins,Baltimore Orioles,0,0
717399,2023-07-15,Minnesota Twins,Oakland Athletics,0,2
717392,2023-07-15,Milwaukee Brewers,Cincinnati Reds,0,1
717400,2023-07-15,Los Angeles Dodgers,New York Mets,0,0
717396,2023-07-15,Washington Nationals,St. Louis Cardinals,0,0
717395,2023-07-15,Chicago White Sox,Atlanta Braves,0,0
717394,2023-07-15,New York Yankees,Colorado Rockies,1,1
717389,2023-07-15,Houston Astros,Los Angeles Angels,0,0
717390,2023-07-15,Detroit Tigers,Seattle Mariners,0,0
717388,2023-07-16,San Francisco Giants,Pittsburgh Pirates,0,0
717387,2023-07-16,San Diego Padres,Philadelphia Phillies,0,1
717391,2023-07-16,Chicago White Sox,Atlanta Braves,0,0
717384,2023-07-16,Miami Marlins,Baltimore Orioles,3,0
717386,2023-07-16,Arizona Diamondbacks,Toronto Blue Jays,0,1
717383,2023-07-16,Milwaukee Brewers,Cincinnati Reds,0,0
717382,2023-07-16,Tampa Bay Rays,Kansas City Royals,0,0
717380,2023-07-16,Washington Nationals,St. Louis Cardinals,0,0
717376,2023-07-16,Boston Red Sox,Chicago Cubs,0,0
717377,2023-07-16,Cleveland Guardians,Texas Rangers,0,0
717378,2023-07-16,New York Yankees,Colorado Rockies,0,0
717379,2023-07-16,Minnesota Twins,Oakland Athletics,0,0
717373,2023-07-16,Detroit Tigers,Seattle Mariners,0,0
717385,2023-07-16,Los Angeles Dodgers,New York Mets,0,0
717381,2023-07-16,Houston Astros,Los Angeles Angels,0,1
717372,2023-07-17,Los Angeles Dodgers,Baltimore Orioles,0,0
717371,2023-07-17,Cleveland Guardians,Pittsburgh Pirates,0,0
717375,2023-07-17,San Francisco Giants,Cincinnati Reds,1,0
717374,2023-07-17,Miami Marlins,St. Louis Cardinals,0,0
717370,2023-07-17,Washington Nationals,Chicago Cubs,0,2
717367,2023-07-17,Tampa Bay Rays,Texas Rangers,0,1
717368,2023-07-17,Detroit Tigers,Kansas City Royals,0,0
717369,2023-07-17,New York Yankees,Los Angeles Angels,0,0
717366,2023-07-17,Boston Red Sox,Oakland Athletics,0,1
717365,2023-07-17,Minnesota Twins,Seattle Mariners,0,0
717375,2023-07-17,San Francisco Giants,Cincinnati Reds,1,0
717363,2023-07-18,Milwaukee Brewers,Philadelphia Phillies,0,0
717361,2023-07-18,Los Angeles Dodgers,Baltimore Orioles,0,0
717364,2023-07-18,Cleveland Guardians,Pittsburgh Pirates,0,4
717362,2023-07-18,San Diego Padres,Toronto Blue Jays,0,2
717360,2023-07-18,San Francisco Giants,Cincinnati Reds,2,1
717359,2023-07-18,Chicago White Sox,New York Mets,5,0
717358,2023-07-18,Arizona Diamondbacks,Atlanta Braves,2,2
717357,2023-07-18,Miami Marlins,St. Louis Cardinals,0,0
717353,2023-07-18,Washington Nationals,Chicago Cubs,0,0
717354,2023-07-18,Tampa Bay Rays,Texas Rangers,0,0
717356,2023-07-18,Detroit Tigers,Kansas City Royals,0,0
717355,2023-07-18,Houston Astros,Colorado Rockies,3,3
717352,2023-07-18,New York Yankees,Los Angeles Angels,0,0
717349,2023-07-18,Boston Red Sox,Oakland Athletics,0,0
717350,2023-07-18,Minnesota Twins,Seattle Mariners,0,1
717348,2023-07-19,Cleveland Guardians,Pittsburgh Pirates,0,0
717343,2023-07-19,Los Angeles Dodgers,Baltimore Orioles,4,2
717346,2023-07-19,Tampa Bay Rays,Texas Rangers,0,0
717351,2023-07-19,Miami Marlins,St. Louis Cardinals,4,0
717345,2023-07-19,Houston Astros,Colorado Rockies,0,0
717344,2023-07-19,Boston Red Sox,Oakland Athletics,0,2
717347,2023-07-19,Milwaukee Brewers,Philadelphia Phillies,0,0
717338,2023-07-19,San Diego Padres,Toronto Blue Jays,0,0
717339,2023-07-19,New York Yankees,Los Angeles Angels,0,0
717342,2023-07-19,San Francisco Giants,Cincinnati Reds,0,0
717341,2023-07-19,Chicago White Sox,New York Mets,0,0
717340,2023-07-19,Arizona Diamondbacks,Atlanta Braves,0,0
717336,2023-07-19,Washington Nationals,Chicago Cubs,1,0
717333,2023-07-19,Detroit Tigers,Kansas City Royals,0,0
717335,2023-07-19,Minnesota Twins,Seattle Mariners,0,0
717337,2023-07-20,Arizona Diamondbacks,Atlanta Braves,0,0
717334,2023-07-20,San Francisco Giants,Cincinnati Reds,0,0
717329,2023-07-20,Milwaukee Brewers,Philadelphia Phillies,0,0
717331,2023-07-20,San Diego Padres,Toronto Blue Jays,0,0
717330,2023-07-20,Chicago White Sox,New York Mets,0,0
717332,2023-07-20,Detroit Tigers,Kansas City Royals,0,0
717327,2023-07-20,Minnesota Twins,Seattle Mariners,1,0
717328,2023-07-20,Baltimore Orioles,Tampa Bay Rays,0,0
717322,2023-07-20,St. Louis Cardinals,Chicago Cubs,0,0
717323,2023-07-20,Houston Astros,Oakland Athletics,0,0
717325,2023-07-21,St. Louis Cardinals,Chicago Cubs,0,0
717317,2023-07-21,San Diego Padres,Detroit Tigers,0,3
717320,2023-07-21,Baltimore Orioles,Tampa Bay Rays,0,0
717319,2023-07-21,Colorado Rockies,Miami Marlins,0,0
717326,2023-07-21,San Francisco Giants,Washington Nationals,2,1
717318,2023-07-21,Kansas City Royals,New York Yankees,0,0
717321,2023-07-21,Arizona Diamondbacks,Cincinnati Reds,1,1
717324,2023-07-21,New York Mets,Boston Red Sox,0,0
717315,2023-07-21,Philadelphia Phillies,Cleveland Guardians,1,0
717316,2023-07-21,Los Angeles Dodgers,Texas Rangers,2,0
717314,2023-07-21,Chicago White Sox,Minnesota Twins,5,1
717313,2023-07-21,Atlanta Braves,Milwaukee Brewers,0,0
717312,2023-07-21,Pittsburgh Pirates,Los Angeles Angels,0,0
717310,2023-07-21,Houston Astros,Oakland Athletics,0,0
717311,2023-07-21,Toronto Blue Jays,Seattle Mariners,0,0
717304,2023-07-22,Kansas City Royals,New York Yankees,0,0
717306,2023-07-22,Colorado Rockies,Miami Marlins,0,0
717308,2023-07-22,St. Louis Cardinals,Chicago Cubs,0,1
717305,2023-07-22,Los Angeles Dodgers,Texas Rangers,0,0
717303,2023-07-22,Arizona Diamondbacks,Cincinnati Reds,0,0
717300,2023-07-22,Baltimore Orioles,Tampa Bay Rays,0,0
717301,2023-07-22,Toronto Blue Jays,Seattle Mariners,0,0
717299,2023-07-22,San Diego Padres,Detroit Tigers,0,0
717307,2023-07-22,San Francisco Giants,Washington Nationals,0,0
717309,2023-07-22,New York Mets,Boston Red Sox,0,0
717302,2023-07-22,Philadelphia Phillies,Cleveland Guardians,0,0
717293,2023-07-22,Chicago White Sox,Minnesota Twins,0,0
717296,2023-07-22,Atlanta Braves,Milwaukee Brewers,0,0
717295,2023-07-22,Houston Astros,Oakland Athletics,0,0
717297,2023-07-22,Pittsburgh Pirates,Los Angeles Angels,0,0
717288,2023-07-23,San Diego Padres,Detroit Tigers,0,0
717290,2023-07-23,San Francisco Giants,Washington Nationals,0,0
717294,2023-07-23,Kansas City Royals,New York Yankees,4,0
717289,2023-07-23,Arizona Diamondbacks,Cincinnati Reds,0,0
717291,2023-07-23,Baltimore Orioles,Tampa Bay Rays,0,1
717283,2023-07-23,Philadelphia Phillies,Cleveland Guardians,1,1
717292,2023-07-23,Colorado Rockies,Miami Marlins,0,0
717285,2023-07-23,Chicago White Sox,Minnesota Twins,0,0
717287,2023-07-23,Atlanta Braves,Milwaukee Brewers,0,0
717286,2023-07-23,St. Louis Cardinals,Chicago Cubs,0,0
717284,2023-07-23,Los Angeles Dodgers,Texas Rangers,0,4
717279,2023-07-23,Houston Astros,Oakland Athletics,0,0
717278,2023-07-23,Pittsburgh Pirates,Los Angeles Angels,0,1
717281,2023-07-23,Toronto Blue Jays,Seattle Mariners,0,0
717298,2023-07-23,New York Mets,Boston Red Sox,1,0
717280,2023-07-24,Baltimore Orioles,Philadelphia Phillies,0,0
717282,2023-07-24,Colorado Rockies,Washington Nationals,0,0
717277,2023-07-24,Kansas City Royals,Cleveland Guardians,0,0
717275,2023-07-24,Seattle Mariners,Minnesota Twins,0,0
717274,2023-07-24,Texas Rangers,Houston Astros,4,2
717273,2023-07-24,Cincinnati Reds,Milwaukee Brewers,1,0
717276,2023-07-24,Pittsburgh Pirates,San Diego Padres,0,0
717268,2023-07-24,St. Louis Cardinals,Arizona Diamondbacks,0,2
717271,2023-07-24,Toronto Blue Jays,Los Angeles Dodgers,0,0
717265,2023-07-25,Los Angeles Angels,Detroit Tigers,0,2
717267,2023-07-25,Baltimore Orioles,Philadelphia Phillies,0,0
717270,2023-07-25,Miami Marlins,Tampa Bay Rays,0,0
717269,2023-07-25,Colorado Rockies,Washington Nationals,0,0
717266,2023-07-25,New York Mets,New York Yankees,0,1
717260,2023-07-25,Kansas City Royals,Cleveland Guardians,0,0
717261,2023-07-25,Atlanta Braves,Boston Red Sox,1,1
717264,2023-07-25,Seattle Mariners,Minnesota Twins,4,0
717255,2023-07-25,Texas Rangers,Houston Astros,0,0
717263,2023-07-25,Chicago Cubs,Chicago White Sox,0,0
717262,2023-07-25,Cincinnati Reds,Milwaukee Brewers,0,0
717258,2023-07-25,Pittsburgh Pirates,San Diego Padres,0,0
717259,2023-07-25,St. Louis Cardinals,Arizona Diamondbacks,0,0
717272,2023-07-25,Oakland Athletics,San Francisco Giants,0,0
717256,2023-07-25,Toronto Blue Jays,Los Angeles Dodgers,0,0
717257,2023-07-26,Colorado Rockies,Washington Nationals,0,0
717252,2023-07-26,Miami Marlins,Tampa Bay Rays,0,0
717249,2023-07-26,Kansas City Royals,Cleveland Guardians,2,0
717250,2023-07-26,Seattle Mariners,Minnesota Twins,0,1
717254,2023-07-26,Cincinnati Reds,Milwaukee Brewers,0,0
717244,2023-07-26,St. Louis Cardinals,Arizona Diamondbacks,0,0
717246,2023-07-26,Pittsburgh Pirates,San Diego Padres,0,0
717253,2023-07-26,Toronto Blue Jays,Los Angeles Dodgers,0,0
717245,2023-07-26,Baltimore Orioles,Philadelphia Phillies,0,0
717248,2023-07-26,New York Mets,New York Yankees,0,0
717242,2023-07-26,Atlanta Braves,Boston Red Sox,0,0
717239,2023-07-26,Texas Rangers,Houston Astros,3,0
717240,2023-07-26,Chicago Cubs,Chicago White Sox,2,0
717251,2023-07-26,Oakland Athletics,San Francisco Giants,2,0
717247,2023-07-27,Los Angeles Angels,Detroit Tigers,0,0
717243,2023-07-27,Los Angeles Angels,Detroit Tigers,0,0
717247,2023-07-27,Los Angeles Angels,Detroit Tigers,0,0
717241,2023-07-27,Washington Nationals,New York Mets,0,0
717238,2023-07-27,Chicago Cubs,St. Louis Cardinals,0,1
717233,2023-07-27,Cleveland Guardians,Chicago White Sox,0,1
717236,2023-07-28,Detroit Tigers,Miami Marlins,0,0
717234,2023-07-28,Philadelphia Phillies,Pittsburgh Pirates,0,0
717237,2023-07-28,New York Yankees,Baltimore Orioles,0,0
717235,2023-07-28,Los Angeles Angels,Toronto Blue Jays,0,0
717230,2023-07-28,Washington Nationals,New York Mets,0,0
717228,2023-07-28,Cleveland Guardians,Chicago White Sox,1,0
717231,2023-07-28,Milwaukee Brewers,Atlanta Braves,0,0
717229,2023-07-28,Tampa Bay Rays,Houston Astros,0,3
717232,2023-07-28,Minnesota Twins,Kansas City Royals,0,0
717226,2023-07-28,Chicago Cubs,St. Louis Cardinals,0,0
717227,2023-07-28,Oakland Athletics,Colorado Rockies,0,1
717223,2023-07-28,Seattle Mariners,Arizona Diamondbacks,0,4
717224,2023-07-28,Texas Rangers,San Diego Padres,1,0
717225,2023-07-28,Cincinnati Reds,Los Angeles Dodgers,0,3
717220,2023-07-28,Boston Red Sox,San Francisco Giants,0,0
717222,2023-07-29,Los Angeles Angels,Toronto Blue Jays,0,0
717218,2023-07-29,Detroit Tigers,Miami Marlins,0,0
717216,2023-07-29,Philadelphia Phillies,Pittsburgh Pirates,0,0
717215,2023-07-29,Washington Nationals,New York Mets,0,1
717207,2023-07-29,Minnesota Twins,Kansas City Royals,0,0
717217,2023-07-29,Cleveland Guardians,Chicago White Sox,1,0
717221,2023-07-29,Boston Red Sox,San Francisco Giants,1,0
717213,2023-07-29,Chicago Cubs,St. Louis Cardinals,0,0
717214,2023-07-29,Tampa Bay Rays,Houston Astros,0,0
717219,2023-07-29,New York Yankees,Baltimore Orioles,0,1
717211,2023-07-29,Milwaukee Brewers,Atlanta Braves,6,0
717212,2023-07-29,Oakland Athletics,Colorado Rockies,0,1
717210,2023-07-29,Seattle Mariners,Arizona Diamondbacks,0,0
717209,2023-07-29,Texas Rangers,San Diego Padres,0,0
717205,2023-07-29,Cincinnati Reds,Los Angeles Dodgers,0,0
717201,2023-07-30,Los Angeles Angels,Toronto Blue Jays,0,0
717208,2023-07-30,Philadelphia Phillies,Pittsburgh Pirates,0,0
717206,2023-07-30,Milwaukee Brewers,Atlanta Braves,0,1
717203,2023-07-30,Washington Nationals,New York Mets,0,1
717202,2023-07-30,Detroit Tigers,Miami Marlins,0,0
717196,2023-07-30,Tampa Bay Rays,Houston Astros,0,0
717198,2023-07-30,Minnesota Twins,Kansas City Royals,0,0
717204,2023-07-30,Cleveland Guardians,Chicago White Sox,0,0
717195,2023-07-30,Chicago Cubs,St. Louis Cardinals,0,0
717199,2023-07-30,Oakland Athletics,Colorado Rockies,0,0
717197,2023-07-30,Boston Red Sox,San Francisco Giants,0,0
717194,2023-07-30,Cincinnati Reds,Los Angeles Dodgers,0,3
717193,2023-07-30,Seattle Mariners,Arizona Diamondbacks,0,2
717191,2023-07-30,Texas Rangers,San Diego Padres,0,0
717200,2023-07-30,New York Yankees,Baltimore Orioles,7,0
717189,2023-07-31,Philadelphia Phillies,Miami Marlins,2,0
717185,2023-07-31,Tampa Bay Rays,New York Yankees,0,0
717192,2023-07-31,Milwaukee Brewers,Washington Nationals,0,0
717186,2023-07-31,Baltimore Orioles,Toronto Blue Jays,0,2
717187,2023-07-31,Los Angeles Angels,Atlanta Braves,0,1
717188,2023-07-31,Cincinnati Reds,Chicago Cubs,0,0
717184,2023-07-31,Cleveland Guardians,Houston Astros,0,0
717179,2023-07-31,San Diego Padres,Colorado Rockies,0,0
717181,2023-07-31,Boston Red Sox,Seattle Mariners,0,1
717190,2023-07-31,Arizona Diamondbacks,San Francisco Giants,0,0
717182,2023-08-01,Philadelphia Phillies,Miami Marlins,0,0
717178,2023-08-01,Detroit Tigers,Pittsburgh Pirates,0,0
717175,2023-08-01,Tampa Bay Rays,New York Yankees,0,0
717183,2023-08-01,Milwaukee Brewers,Washington Nationals,0,0
717177,2023-08-01,Baltimore Orioles,Toronto Blue Jays,0,2
717176,2023-08-01,Los Angeles Angels,Atlanta Braves,0,0
717174,2023-08-01,Minnesota Twins,St. Louis Cardinals,0,0
717173,2023-08-01,Cincinnati Reds,Chicago Cubs,2,0
717168,2023-08-01,Chicago White Sox,Texas Rangers,0,0
717172,2023-08-01,Cleveland Guardians,Houston Astros,0,0
717170,2023-08-01,New York Mets,Kansas City Royals,0,0
717169,2023-08-01,San Diego Padres,Colorado Rockies,1,0
717167,2023-08-01,Boston Red Sox,Seattle Mariners,1,0
717180,2023-08-01,Arizona Diamondbacks,San Francisco Giants,0,0
717171,2023-08-01,Oakland Athletics,Los Angeles Dodgers,0,0
717165,2023-08-02,Los Angeles Angels,Atlanta Braves,0,0
717166,2023-08-02,Detroit Tigers,Pittsburgh Pirates,0,1
717162,2023-08-02,Milwaukee Brewers,Washington Nationals,0,0
717163,2023-08-02,Cleveland Guardians,Houston Astros,0,0
717158,2023-08-02,San Diego Padres,Colorado Rockies,0,0
717161,2023-08-02,Boston Red Sox,Seattle Mariners,0,0
717159,2023-08-02,Philadelphia Phillies,Miami Marlins,0,0
717160,2023-08-02,Tampa Bay Rays,New York Yankees,0,2
717157,2023-08-02,Baltimore Orioles,Toronto Blue Jays,0,0
717155,2023-08-02,Minnesota Twins,St. Louis Cardinals,0,0
717153,2023-08-02,Cincinnati Reds,Chicago Cubs,0,2
717152,2023-08-02,Chicago White Sox,Texas Rangers,2,0
717156,2023-08-02,New York Mets,Kansas City Royals,2,0
717164,2023-08-02,Arizona Diamondbacks,San Francisco Giants,0,2
717154,2023-08-02,Oakland Athletics,Los Angeles Dodgers,1,0
717147,2023-08-03,Philadelphia Phillies,Miami Marlins,0,0
717149,2023-08-03,Chicago White Sox,Texas Rangers,0,1
717148,2023-08-03,New York Mets,Kansas City Royals,0,0
717150,2023-08-03,Baltimore Orioles,Toronto Blue Jays,0,0
717151,2023-08-03,Arizona Diamondbacks,San Francisco Giants,0,0
717142,2023-08-03,Houston Astros,New York Yankees,3,0
717143,2023-08-03,Pittsburgh Pirates,Milwaukee Brewers,0,1
717145,2023-08-03,Minnesota Twins,St. Louis Cardinals,0,0
717146,2023-08-03,Cincinnati Reds,Chicago Cubs,1,1
717144,2023-08-03,Seattle Mariners,Los Angeles Angels,0,0
717137,2023-08-03,Oakland Athletics,Los Angeles Dodgers,0,0
717141,2023-08-04,Atlanta Braves,Chicago Cubs,0,0
717139,2023-08-04,Washington Nationals,Cincinnati Reds,2,0
717135,2023-08-04,Tampa Bay Rays,Detroit Tigers,0,0
717134,2023-08-04,New York Mets,Baltimore Orioles,0,0
717140,2023-08-04,Kansas City Royals,Philadelphia Phillies,0,0
717138,2023-08-04,Houston Astros,New York Yankees,0,0
717136,2023-08-04,Toronto Blue Jays,Boston Red Sox,0,2
717132,2023-08-04,Chicago White Sox,Cleveland Guardians,0,0
717133,2023-08-04,Miami Marlins,Texas Rangers,1,1
717128,2023-08-04,Arizona Diamondbacks,Minnesota Twins,0,0
717131,2023-08-04,Pittsburgh Pirates,Milwaukee Brewers,1,3
717127,2023-08-04,Colorado Rockies,St. Louis Cardinals,0,3
717130,2023-08-04,Seattle Mariners,Los Angeles Angels,1,4
717129,2023-08-04,Los Angeles Dodgers,San Diego Padres,0,0
717126,2023-08-05,Houston Astros,New York Yankees,0,0
717122,2023-08-05,Tampa Bay Rays,Detroit Tigers,0,0
717121,2023-08-05,Atlanta Braves,Chicago Cubs,5,0
717124,2023-08-05,Miami Marlins,Texas Rangers,0,0
717120,2023-08-05,Washington Nationals,Cincinnati Reds,0,1
717125,2023-08-05,Toronto Blue Jays,Boston Red Sox,0,0
717123,2023-08-05,Kansas City Royals,Philadelphia Phillies,2,0
717114,2023-08-05,New York Mets,Baltimore Orioles,2,0
717117,2023-08-05,San Francisco Giants,Oakland Athletics,0,0
717118,2023-08-05,Arizona Diamondbacks,Minnesota Twins,0,0
717115,2023-08-05,Chicago White Sox,Cleveland Guardians,0,0
717116,2023-08-05,Pittsburgh Pirates,Milwaukee Brewers,0,0
717119,2023-08-05,Colorado Rockies,St. Louis Cardinals,0,0
717112,2023-08-05,Los Angeles Dodgers,San Diego Padres,0,0
717109,2023-08-05,Seattle Mariners,Los Angeles Angels,0,0
